batch_id,channel_num,layer_thickness_um,z_rotation_deg,fit_adjustment_pct,flow_rate_per_min,resin_temp,resin_age,ambient_temp
1,1,50,39.49905957768471,150,1.0446879112291938,72.52531583706453,6.780769047910766,70.65839530147385
1,2,50,39.49905957768471,150,1.0589881103294898,72.52531583706453,6.780769047910766,70.65839530147385
1,3,50,39.49905957768471,150,1.0545472803743812,72.52531583706453,6.780769047910766,70.65839530147385
1,4,50,39.49905957768471,150,1.057541694722774,72.52531583706453,6.780769047910766,70.65839530147385
1,5,50,39.49905957768471,150,1.0491792670220812,72.52531583706453,6.780769047910766,70.65839530147385
1,6,50,39.49905957768471,150,1.0665036860464452,72.52531583706453,6.780769047910766,70.65839530147385
1,7,50,39.49905957768471,150,1.0654876256521064,72.52531583706453,6.780769047910766,70.65839530147385
1,8,50,39.49905957768471,150,1.058370013273429,72.52531583706453,6.780769047910766,70.65839530147385
1,9,50,39.49905957768471,150,1.0689821183674972,72.52531583706453,6.780769047910766,70.65839530147385
1,10,50,39.49905957768471,150,1.0623847997203373,72.52531583706453,6.780769047910766,70.65839530147385
1,11,50,39.49905957768471,150,1.0491167816689846,72.52531583706453,6.780769047910766,70.65839530147385
1,12,50,39.49905957768471,150,1.0613972141386419,72.52531583706453,6.780769047910766,70.65839530147385
1,13,50,39.49905957768471,150,1.048120880289527,72.52531583706453,6.780769047910766,70.65839530147385
2,1,100,56.849795920985834,150,0.9848099039821071,71.87059634551832,69.89025775643303,69.52334931891724
2,2,100,56.849795920985834,150,0.982071920581164,71.87059634551832,69.89025775643303,69.52334931891724
2,3,100,56.849795920985834,150,0.9828338632979128,71.87059634551832,69.89025775643303,69.52334931891724
2,4,100,56.849795920985834,150,0.9916782906583286,71.87059634551832,69.89025775643303,69.52334931891724
2,5,100,56.849795920985834,150,0.9900096394464358,71.87059634551832,69.89025775643303,69.52334931891724
2,6,100,56.849795920985834,150,0.990482524918755,71.87059634551832,69.89025775643303,69.52334931891724
2,7,100,56.849795920985834,150,0.990663408832874,71.87059634551832,69.89025775643303,69.52334931891724
2,8,100,56.849795920985834,150,1.0077716748114998,71.87059634551832,69.89025775643303,69.52334931891724
2,9,100,56.849795920985834,150,0.9822910486389489,71.87059634551832,69.89025775643303,69.52334931891724
2,10,100,56.849795920985834,150,0.9812327715120798,71.87059634551832,69.89025775643303,69.52334931891724
2,11,100,56.849795920985834,150,0.9782174715203164,71.87059634551832,69.89025775643303,69.52334931891724
2,12,100,56.849795920985834,150,0.9925149930285501,71.87059634551832,69.89025775643303,69.52334931891724
2,13,100,56.849795920985834,150,0.997644921730004,71.87059634551832,69.89025775643303,69.52334931891724
3,1,50,42.813443360334034,-250,0.9041863204231702,71.42286314901614,31.474938158807813,70.4554149514773
3,2,50,42.813443360334034,-250,0.8920996806672313,71.42286314901614,31.474938158807813,70.4554149514773
3,3,50,42.813443360334034,-250,0.9010763909707854,71.42286314901614,31.474938158807813,70.4554149514773
3,4,50,42.813443360334034,-250,0.8999216358315255,71.42286314901614,31.474938158807813,70.4554149514773
3,5,50,42.813443360334034,-250,0.9009416637074084,71.42286314901614,31.474938158807813,70.4554149514773
3,6,50,42.813443360334034,-250,0.9074690655196002,71.42286314901614,31.474938158807813,70.4554149514773
3,7,50,42.813443360334034,-250,0.900990733227865,71.42286314901614,31.474938158807813,70.4554149514773
3,8,50,42.813443360334034,-250,0.9055439133708372,71.42286314901614,31.474938158807813,70.4554149514773
3,9,50,42.813443360334034,-250,0.8994305684350071,71.42286314901614,31.474938158807813,70.4554149514773
3,10,50,42.813443360334034,-250,0.9016459717270181,71.42286314901614,31.474938158807813,70.4554149514773
3,11,50,42.813443360334034,-250,0.9050676599985037,71.42286314901614,31.474938158807813,70.4554149514773
3,12,50,42.813443360334034,-250,0.8841832195415615,71.42286314901614,31.474938158807813,70.4554149514773
3,13,50,42.813443360334034,-250,0.8955580655765453,71.42286314901614,31.474938158807813,70.4554149514773
4,1,100,51.186707635760435,0,0.9567070570163333,71.80740042414132,48.12501324891396,71.04645891786407
4,2,100,51.186707635760435,0,0.9301955757542605,71.80740042414132,48.12501324891396,71.04645891786407
4,3,100,51.186707635760435,0,0.9436754231705607,71.80740042414132,48.12501324891396,71.04645891786407
4,4,100,51.186707635760435,0,0.9486518041214685,71.80740042414132,48.12501324891396,71.04645891786407
4,5,100,51.186707635760435,0,0.9528864967840113,71.80740042414132,48.12501324891396,71.04645891786407
4,6,100,51.186707635760435,0,0.9541365392683471,71.80740042414132,48.12501324891396,71.04645891786407
4,7,100,51.186707635760435,0,0.9549577458224178,71.80740042414132,48.12501324891396,71.04645891786407
4,8,100,51.186707635760435,0,0.9435370227479342,71.80740042414132,48.12501324891396,71.04645891786407
4,9,100,51.186707635760435,0,0.9424007555437728,71.80740042414132,48.12501324891396,71.04645891786407
4,10,100,51.186707635760435,0,0.9556040322829901,71.80740042414132,48.12501324891396,71.04645891786407
4,11,100,51.186707635760435,0,0.9451112302216024,71.80740042414132,48.12501324891396,71.04645891786407
4,12,100,51.186707635760435,0,0.9342674102370393,71.80740042414132,48.12501324891396,71.04645891786407
4,13,100,51.186707635760435,0,0.9356914013303838,71.80740042414132,48.12501324891396,71.04645891786407
5,1,100,25.32455028197969,-250,0.8419425229837358,72.0996980152494,40.10631496857204,70.48333974784744
5,2,100,25.32455028197969,-250,0.8466130300126421,72.0996980152494,40.10631496857204,70.48333974784744
5,3,100,25.32455028197969,-250,0.8372636606757664,72.0996980152494,40.10631496857204,70.48333974784744
5,4,100,25.32455028197969,-250,0.8449248784485429,72.0996980152494,40.10631496857204,70.48333974784744
5,5,100,25.32455028197969,-250,0.8337378666623022,72.0996980152494,40.10631496857204,70.48333974784744
5,6,100,25.32455028197969,-250,0.836726587607318,72.0996980152494,40.10631496857204,70.48333974784744
5,7,100,25.32455028197969,-250,0.8365397471329855,72.0996980152494,40.10631496857204,70.48333974784744
5,8,100,25.32455028197969,-250,0.8283987296170784,72.0996980152494,40.10631496857204,70.48333974784744
5,9,100,25.32455028197969,-250,0.8452268508808246,72.0996980152494,40.10631496857204,70.48333974784744
5,10,100,25.32455028197969,-250,0.8356631026709415,72.0996980152494,40.10631496857204,70.48333974784744
5,11,100,25.32455028197969,-250,0.8404820672602457,72.0996980152494,40.10631496857204,70.48333974784744
5,12,100,25.32455028197969,-250,0.8451645926620278,72.0996980152494,40.10631496857204,70.48333974784744
5,13,100,25.32455028197969,-250,0.8448224378332682,72.0996980152494,40.10631496857204,70.48333974784744
6,1,50,34.29191034868342,0,0.9800099352166051,71.7036911815691,26.05050795984411,69.94419725236553
6,2,50,34.29191034868342,0,0.9812540638172919,71.7036911815691,26.05050795984411,69.94419725236553
6,3,50,34.29191034868342,0,0.9845085916648211,71.7036911815691,26.05050795984411,69.94419725236553
6,4,50,34.29191034868342,0,0.9984788022080703,71.7036911815691,26.05050795984411,69.94419725236553
6,5,50,34.29191034868342,0,0.9854262693872353,71.7036911815691,26.05050795984411,69.94419725236553
6,6,50,34.29191034868342,0,0.9906994344004421,71.7036911815691,26.05050795984411,69.94419725236553
6,7,50,34.29191034868342,0,1.0074733429186966,71.7036911815691,26.05050795984411,69.94419725236553
6,8,50,34.29191034868342,0,0.9909184202302217,71.7036911815691,26.05050795984411,69.94419725236553
6,9,50,34.29191034868342,0,1.0018562156255069,71.7036911815691,26.05050795984411,69.94419725236553
6,10,50,34.29191034868342,0,0.9851448831407371,71.7036911815691,26.05050795984411,69.94419725236553
6,11,50,34.29191034868342,0,0.9924266843621596,71.7036911815691,26.05050795984411,69.94419725236553
6,12,50,34.29191034868342,0,0.9849808393917301,71.7036911815691,26.05050795984411,69.94419725236553
6,13,50,34.29191034868342,0,0.9910907291818303,71.7036911815691,26.05050795984411,69.94419725236553
7,1,50,18.212702831570727,0,0.9723477456236317,72.3040965504821,12.727640371624684,70.1664149216326
7,2,50,18.212702831570727,0,0.9875296192446549,72.3040965504821,12.727640371624684,70.1664149216326
7,3,50,18.212702831570727,0,0.9815133970768781,72.3040965504821,12.727640371624684,70.1664149216326
7,4,50,18.212702831570727,0,0.9891350862810632,72.3040965504821,12.727640371624684,70.1664149216326
7,5,50,18.212702831570727,0,0.9870268456227506,72.3040965504821,12.727640371624684,70.1664149216326
7,6,50,18.212702831570727,0,1.0028261130807254,72.3040965504821,12.727640371624684,70.1664149216326
7,7,50,18.212702831570727,0,0.9844147678927859,72.3040965504821,12.727640371624684,70.1664149216326
7,8,50,18.212702831570727,0,0.9765733492412976,72.3040965504821,12.727640371624684,70.1664149216326
7,9,50,18.212702831570727,0,0.9886010805170793,72.3040965504821,12.727640371624684,70.1664149216326
7,10,50,18.212702831570727,0,0.9890082910072339,72.3040965504821,12.727640371624684,70.1664149216326
7,11,50,18.212702831570727,0,1.0004001999199206,72.3040965504821,12.727640371624684,70.1664149216326
7,12,50,18.212702831570727,0,0.995159436626662,72.3040965504821,12.727640371624684,70.1664149216326
7,13,50,18.212702831570727,0,0.9903770347590113,72.3040965504821,12.727640371624684,70.1664149216326
8,1,100,52.888011495994085,-250,0.8318706387922823,71.55217392707517,41.83640205842844,69.35139684101614
8,2,100,52.888011495994085,-250,0.8519890097359893,71.55217392707517,41.83640205842844,69.35139684101614
8,3,100,52.888011495994085,-250,0.8434152732968576,71.55217392707517,41.83640205842844,69.35139684101614
8,4,100,52.888011495994085,-250,0.8309294373228188,71.55217392707517,41.83640205842844,69.35139684101614
8,5,100,52.888011495994085,-250,0.8354817094557699,71.55217392707517,41.83640205842844,69.35139684101614
8,6,100,52.888011495994085,-250,0.8487726387423473,71.55217392707517,41.83640205842844,69.35139684101614
8,7,100,52.888011495994085,-250,0.8540187659467892,71.55217392707517,41.83640205842844,69.35139684101614
8,8,100,52.888011495994085,-250,0.8656048091847632,71.55217392707517,41.83640205842844,69.35139684101614
8,9,100,52.888011495994085,-250,0.8747761249279187,71.55217392707517,41.83640205842844,69.35139684101614
8,10,100,52.888011495994085,-250,0.8497815946006053,71.55217392707517,41.83640205842844,69.35139684101614
8,11,100,52.888011495994085,-250,0.8357421190675267,71.55217392707517,41.83640205842844,69.35139684101614
8,12,100,52.888011495994085,-250,0.8243170374605322,71.55217392707517,41.83640205842844,69.35139684101614
8,13,100,52.888011495994085,-250,0.8483146148912837,71.55217392707517,41.83640205842844,69.35139684101614
9,1,100,46.8605162224384,-50,0.9212020127638207,71.57153224065813,59.49301854199376,69.90144637950853
9,2,100,46.8605162224384,-50,0.9180451787189805,71.57153224065813,59.49301854199376,69.90144637950853
9,3,100,46.8605162224384,-50,0.9092749895611092,71.57153224065813,59.49301854199376,69.90144637950853
9,4,100,46.8605162224384,-50,0.9028846976423238,71.57153224065813,59.49301854199376,69.90144637950853
9,5,100,46.8605162224384,-50,0.914768447998634,71.57153224065813,59.49301854199376,69.90144637950853
9,6,100,46.8605162224384,-50,0.9190937015811842,71.57153224065813,59.49301854199376,69.90144637950853
9,7,100,46.8605162224384,-50,0.9373108262251661,71.57153224065813,59.49301854199376,69.90144637950853
9,8,100,46.8605162224384,-50,0.9209342723040962,71.57153224065813,59.49301854199376,69.90144637950853
9,9,100,46.8605162224384,-50,0.9294589221995979,71.57153224065813,59.49301854199376,69.90144637950853
9,10,100,46.8605162224384,-50,0.9146385711039758,71.57153224065813,59.49301854199376,69.90144637950853
9,11,100,46.8605162224384,-50,0.9077820894251971,71.57153224065813,59.49301854199376,69.90144637950853
9,12,100,46.8605162224384,-50,0.9099803594670436,71.57153224065813,59.49301854199376,69.90144637950853
9,13,100,46.8605162224384,-50,0.9123792664440098,71.57153224065813,59.49301854199376,69.90144637950853
10,1,100,74.68107688191718,-50,0.9026258225779922,72.58694244261544,68.60875644502164,69.36795097533908
10,2,100,74.68107688191718,-50,0.8972099339403526,72.58694244261544,68.60875644502164,69.36795097533908
10,3,100,74.68107688191718,-50,0.8983686876555792,72.58694244261544,68.60875644502164,69.36795097533908
10,4,100,74.68107688191718,-50,0.8922284359626396,72.58694244261544,68.60875644502164,69.36795097533908
10,5,100,74.68107688191718,-50,0.9032370349317543,72.58694244261544,68.60875644502164,69.36795097533908
10,6,100,74.68107688191718,-50,0.8942264781135257,72.58694244261544,68.60875644502164,69.36795097533908
10,7,100,74.68107688191718,-50,0.886520255279261,72.58694244261544,68.60875644502164,69.36795097533908
10,8,100,74.68107688191718,-50,0.8859969371737373,72.58694244261544,68.60875644502164,69.36795097533908
10,9,100,74.68107688191718,-50,0.9005021920941547,72.58694244261544,68.60875644502164,69.36795097533908
10,10,100,74.68107688191718,-50,0.9145672254810379,72.58694244261544,68.60875644502164,69.36795097533908
10,11,100,74.68107688191718,-50,0.9003762290526679,72.58694244261544,68.60875644502164,69.36795097533908
10,12,100,74.68107688191718,-50,0.8975899296558346,72.58694244261544,68.60875644502164,69.36795097533908
10,13,100,74.68107688191718,-50,0.9016345743129589,72.58694244261544,68.60875644502164,69.36795097533908
11,1,50,69.48111888998892,-50,0.9832054965732863,71.71235093841638,6.801600100429099,70.77440209704193
11,2,50,69.48111888998892,-50,0.9696802810255454,71.71235093841638,6.801600100429099,70.77440209704193
11,3,50,69.48111888998892,-50,0.9556032463361214,71.71235093841638,6.801600100429099,70.77440209704193
11,4,50,69.48111888998892,-50,0.9541663446608697,71.71235093841638,6.801600100429099,70.77440209704193
11,5,50,69.48111888998892,-50,0.9843572159756389,71.71235093841638,6.801600100429099,70.77440209704193
11,6,50,69.48111888998892,-50,0.9850845938611593,71.71235093841638,6.801600100429099,70.77440209704193
11,7,50,69.48111888998892,-50,0.9660527445205004,71.71235093841638,6.801600100429099,70.77440209704193
11,8,50,69.48111888998892,-50,0.9640160634419664,71.71235093841638,6.801600100429099,70.77440209704193
11,9,50,69.48111888998892,-50,0.9824623795757483,71.71235093841638,6.801600100429099,70.77440209704193
11,10,50,69.48111888998892,-50,0.9567774798328915,71.71235093841638,6.801600100429099,70.77440209704193
11,11,50,69.48111888998892,-50,0.9589006664637681,71.71235093841638,6.801600100429099,70.77440209704193
11,12,50,69.48111888998892,-50,0.9742812046002168,71.71235093841638,6.801600100429099,70.77440209704193
11,13,50,69.48111888998892,-50,0.9639018854247304,71.71235093841638,6.801600100429099,70.77440209704193
12,1,50,12.95077522961257,0,0.9908284978305303,72.23630218415926,9.491199680629514,70.9852373029196
12,2,50,12.95077522961257,0,0.9638873888874515,72.23630218415926,9.491199680629514,70.9852373029196
12,3,50,12.95077522961257,0,0.9839019258784606,72.23630218415926,9.491199680629514,70.9852373029196
12,4,50,12.95077522961257,0,0.975956807194833,72.23630218415926,9.491199680629514,70.9852373029196
12,5,50,12.95077522961257,0,0.9722009792935254,72.23630218415926,9.491199680629514,70.9852373029196
12,6,50,12.95077522961257,0,0.9756075862284742,72.23630218415926,9.491199680629514,70.9852373029196
12,7,50,12.95077522961257,0,0.9810478754907536,72.23630218415926,9.491199680629514,70.9852373029196
12,8,50,12.95077522961257,0,0.9935481353213219,72.23630218415926,9.491199680629514,70.9852373029196
12,9,50,12.95077522961257,0,0.9711251827203661,72.23630218415926,9.491199680629514,70.9852373029196
12,10,50,12.95077522961257,0,0.9846954248237059,72.23630218415926,9.491199680629514,70.9852373029196
12,11,50,12.95077522961257,0,0.9795474155644259,72.23630218415926,9.491199680629514,70.9852373029196
12,12,50,12.95077522961257,0,0.9811123789541422,72.23630218415926,9.491199680629514,70.9852373029196
12,13,50,12.95077522961257,0,0.9944166881508077,72.23630218415926,9.491199680629514,70.9852373029196
13,1,100,86.0060931342273,50,0.9517216964094102,71.89184602452507,1.7898833798104548,69.5128401718305
13,2,100,86.0060931342273,50,0.9510624620812351,71.89184602452507,1.7898833798104548,69.5128401718305
13,3,100,86.0060931342273,50,0.9384528477743643,71.89184602452507,1.7898833798104548,69.5128401718305
13,4,100,86.0060931342273,50,0.9502016263129768,71.89184602452507,1.7898833798104548,69.5128401718305
13,5,100,86.0060931342273,50,0.951579011798087,71.89184602452507,1.7898833798104548,69.5128401718305
13,6,100,86.0060931342273,50,0.9744714688720372,71.89184602452507,1.7898833798104548,69.5128401718305
13,7,100,86.0060931342273,50,0.9680651746095147,71.89184602452507,1.7898833798104548,69.5128401718305
13,8,100,86.0060931342273,50,0.9407642949911098,71.89184602452507,1.7898833798104548,69.5128401718305
13,9,100,86.0060931342273,50,0.9464228948812062,71.89184602452507,1.7898833798104548,69.5128401718305
13,10,100,86.0060931342273,50,0.934662308478328,71.89184602452507,1.7898833798104548,69.5128401718305
13,11,100,86.0060931342273,50,0.9433896583570631,71.89184602452507,1.7898833798104548,69.5128401718305
13,12,100,86.0060931342273,50,0.9524527785326014,71.89184602452507,1.7898833798104548,69.5128401718305
13,13,100,86.0060931342273,50,0.9613552647055803,71.89184602452507,1.7898833798104548,69.5128401718305
14,1,50,71.71353794926456,150,1.040563125747984,70.49689767918294,43.63313909040079,69.88613385561857
14,2,50,71.71353794926456,150,1.0370889122399687,70.49689767918294,43.63313909040079,69.88613385561857
14,3,50,71.71353794926456,150,1.0449148944791191,70.49689767918294,43.63313909040079,69.88613385561857
14,4,50,71.71353794926456,150,1.0282802361080783,70.49689767918294,43.63313909040079,69.88613385561857
14,5,50,71.71353794926456,150,1.0311870675677348,70.49689767918294,43.63313909040079,69.88613385561857
14,6,50,71.71353794926456,150,1.0671499911419275,70.49689767918294,43.63313909040079,69.88613385561857
14,7,50,71.71353794926456,150,1.0329832942089043,70.49689767918294,43.63313909040079,69.88613385561857
14,8,50,71.71353794926456,150,1.0348896642370984,70.49689767918294,43.63313909040079,69.88613385561857
14,9,50,71.71353794926456,150,1.0642266553048578,70.49689767918294,43.63313909040079,69.88613385561857
14,10,50,71.71353794926456,150,1.0749081917140488,70.49689767918294,43.63313909040079,69.88613385561857
14,11,50,71.71353794926456,150,1.0341418537333913,70.49689767918294,43.63313909040079,69.88613385561857
14,12,50,71.71353794926456,150,1.0421750304537645,70.49689767918294,43.63313909040079,69.88613385561857
14,13,50,71.71353794926456,150,1.0492730755310498,70.49689767918294,43.63313909040079,69.88613385561857
15,1,50,27.9301206531667,150,1.0477808932591757,71.82830550784053,11.918284036940028,70.54413630324322
15,2,50,27.9301206531667,150,1.050204224326316,71.82830550784053,11.918284036940028,70.54413630324322
15,3,50,27.9301206531667,150,1.0377934958877768,71.82830550784053,11.918284036940028,70.54413630324322
15,4,50,27.9301206531667,150,1.04916071653173,71.82830550784053,11.918284036940028,70.54413630324322
15,5,50,27.9301206531667,150,1.048878579071387,71.82830550784053,11.918284036940028,70.54413630324322
15,6,50,27.9301206531667,150,1.0538641528677393,71.82830550784053,11.918284036940028,70.54413630324322
15,7,50,27.9301206531667,150,1.0459891817832865,71.82830550784053,11.918284036940028,70.54413630324322
15,8,50,27.9301206531667,150,1.056257839196928,71.82830550784053,11.918284036940028,70.54413630324322
15,9,50,27.9301206531667,150,1.061669612149675,71.82830550784053,11.918284036940028,70.54413630324322
15,10,50,27.9301206531667,150,1.0530967472481614,71.82830550784053,11.918284036940028,70.54413630324322
15,11,50,27.9301206531667,150,1.0550600180554686,71.82830550784053,11.918284036940028,70.54413630324322
15,12,50,27.9301206531667,150,1.0520740074472552,71.82830550784053,11.918284036940028,70.54413630324322
15,13,50,27.9301206531667,150,1.0515432979023907,71.82830550784053,11.918284036940028,70.54413630324322
16,1,100,3.912755581151275,150,0.9937203583515714,71.93189938111055,41.128750925479636,71.46521781625141
16,2,100,3.912755581151275,150,0.9822313207290586,71.93189938111055,41.128750925479636,71.46521781625141
16,3,100,3.912755581151275,150,0.9787377781061721,71.93189938111055,41.128750925479636,71.46521781625141
16,4,100,3.912755581151275,150,1.001773322356895,71.93189938111055,41.128750925479636,71.46521781625141
16,5,100,3.912755581151275,150,0.9924893850774777,71.93189938111055,41.128750925479636,71.46521781625141
16,6,100,3.912755581151275,150,0.9946633268599224,71.93189938111055,41.128750925479636,71.46521781625141
16,7,100,3.912755581151275,150,0.9724160329562644,71.93189938111055,41.128750925479636,71.46521781625141
16,8,100,3.912755581151275,150,0.9991362776415882,71.93189938111055,41.128750925479636,71.46521781625141
16,9,100,3.912755581151275,150,0.99440609620815,71.93189938111055,41.128750925479636,71.46521781625141
16,10,100,3.912755581151275,150,0.9787575859818616,71.93189938111055,41.128750925479636,71.46521781625141
16,11,100,3.912755581151275,150,0.9851466447515068,71.93189938111055,41.128750925479636,71.46521781625141
16,12,100,3.912755581151275,150,0.9924990648695715,71.93189938111055,41.128750925479636,71.46521781625141
16,13,100,3.912755581151275,150,0.9903865608095688,71.93189938111055,41.128750925479636,71.46521781625141
17,1,100,12.109698757183237,150,0.9568359555129884,71.82361583525518,61.745194376824145,70.10679375847172
17,2,100,12.109698757183237,150,0.9801340372772046,71.82361583525518,61.745194376824145,70.10679375847172
17,3,100,12.109698757183237,150,0.9842676641360258,71.82361583525518,61.745194376824145,70.10679375847172
17,4,100,12.109698757183237,150,0.9854624798191725,71.82361583525518,61.745194376824145,70.10679375847172
17,5,100,12.109698757183237,150,0.9787833941090885,71.82361583525518,61.745194376824145,70.10679375847172
17,6,100,12.109698757183237,150,0.9649353220975155,71.82361583525518,61.745194376824145,70.10679375847172
17,7,100,12.109698757183237,150,0.9857824947594425,71.82361583525518,61.745194376824145,70.10679375847172
17,8,100,12.109698757183237,150,0.9997760420639432,71.82361583525518,61.745194376824145,70.10679375847172
17,9,100,12.109698757183237,150,0.96716392587314,71.82361583525518,61.745194376824145,70.10679375847172
17,10,100,12.109698757183237,150,0.9911408200592833,71.82361583525518,61.745194376824145,70.10679375847172
17,11,100,12.109698757183237,150,0.9792172876910725,71.82361583525518,61.745194376824145,70.10679375847172
17,12,100,12.109698757183237,150,0.9818892964640129,71.82361583525518,61.745194376824145,70.10679375847172
17,13,100,12.109698757183237,150,0.9719735548152619,71.82361583525518,61.745194376824145,70.10679375847172
18,1,50,85.39721340438064,-50,0.9647599748589373,72.4078586693914,23.642006760337594,71.21261812378697
18,2,50,85.39721340438064,-50,0.9778084533313194,72.4078586693914,23.642006760337594,71.21261812378697
18,3,50,85.39721340438064,-50,0.9647590396570245,72.4078586693914,23.642006760337594,71.21261812378697
18,4,50,85.39721340438064,-50,0.968648989837612,72.4078586693914,23.642006760337594,71.21261812378697
18,5,50,85.39721340438064,-50,0.9574033985342943,72.4078586693914,23.642006760337594,71.21261812378697
18,6,50,85.39721340438064,-50,0.9610345662282336,72.4078586693914,23.642006760337594,71.21261812378697
18,7,50,85.39721340438064,-50,0.9533948698366387,72.4078586693914,23.642006760337594,71.21261812378697
18,8,50,85.39721340438064,-50,0.97026494741559,72.4078586693914,23.642006760337594,71.21261812378697
18,9,50,85.39721340438064,-50,0.9485860718384929,72.4078586693914,23.642006760337594,71.21261812378697
18,10,50,85.39721340438064,-50,0.9681926114938181,72.4078586693914,23.642006760337594,71.21261812378697
18,11,50,85.39721340438064,-50,0.9584625974945898,72.4078586693914,23.642006760337594,71.21261812378697
18,12,50,85.39721340438064,-50,0.9720815790043147,72.4078586693914,23.642006760337594,71.21261812378697
18,13,50,85.39721340438064,-50,0.9678777979569541,72.4078586693914,23.642006760337594,71.21261812378697
19,1,100,7.604389694116821,150,0.9687236200032453,70.89957182104273,69.03937770545379,69.95313277897127
19,2,100,7.604389694116821,150,0.9890187027596753,70.89957182104273,69.03937770545379,69.95313277897127
19,3,100,7.604389694116821,150,0.980281756535885,70.89957182104273,69.03937770545379,69.95313277897127
19,4,100,7.604389694116821,150,0.9669171141411206,70.89957182104273,69.03937770545379,69.95313277897127
19,5,100,7.604389694116821,150,0.963769244762504,70.89957182104273,69.03937770545379,69.95313277897127
19,6,100,7.604389694116821,150,0.9742342393556707,70.89957182104273,69.03937770545379,69.95313277897127
19,7,100,7.604389694116821,150,0.9617408169330968,70.89957182104273,69.03937770545379,69.95313277897127
19,8,100,7.604389694116821,150,0.9671950156529423,70.89957182104273,69.03937770545379,69.95313277897127
19,9,100,7.604389694116821,150,0.9770265131424205,70.89957182104273,69.03937770545379,69.95313277897127
19,10,100,7.604389694116821,150,0.985459538787975,70.89957182104273,69.03937770545379,69.95313277897127
19,11,100,7.604389694116821,150,0.9799940331491525,70.89957182104273,69.03937770545379,69.95313277897127
19,12,100,7.604389694116821,150,0.950993523340927,70.89957182104273,69.03937770545379,69.95313277897127
19,13,100,7.604389694116821,150,0.9769500857172106,70.89957182104273,69.03937770545379,69.95313277897127
20,1,100,71.932024486086,150,0.9873362371595895,73.13134677715584,67.04900896968734,68.55573320623668
20,2,100,71.932024486086,150,0.9656112299371166,73.13134677715584,67.04900896968734,68.55573320623668
20,3,100,71.932024486086,150,0.9961866644121911,73.13134677715584,67.04900896968734,68.55573320623668
20,4,100,71.932024486086,150,0.9851107400586626,73.13134677715584,67.04900896968734,68.55573320623668
20,5,100,71.932024486086,150,0.9898930137900901,73.13134677715584,67.04900896968734,68.55573320623668
20,6,100,71.932024486086,150,0.9757177373164381,73.13134677715584,67.04900896968734,68.55573320623668
20,7,100,71.932024486086,150,0.9895648108313181,73.13134677715584,67.04900896968734,68.55573320623668
20,8,100,71.932024486086,150,0.9921118894915464,73.13134677715584,67.04900896968734,68.55573320623668
20,9,100,71.932024486086,150,0.9837559541330277,73.13134677715584,67.04900896968734,68.55573320623668
20,10,100,71.932024486086,150,0.983771182858643,73.13134677715584,67.04900896968734,68.55573320623668
20,11,100,71.932024486086,150,0.9841306063244732,73.13134677715584,67.04900896968734,68.55573320623668
20,12,100,71.932024486086,150,0.9727937212842622,73.13134677715584,67.04900896968734,68.55573320623668
20,13,100,71.932024486086,150,0.9799518871292525,73.13134677715584,67.04900896968734,68.55573320623668
21,1,50,13.300503528797249,-150,0.9390924531501914,72.6998769728372,27.59902723997351,69.25902474261511
21,2,50,13.300503528797249,-150,0.916842015385476,72.6998769728372,27.59902723997351,69.25902474261511
21,3,50,13.300503528797249,-150,0.9160553975006985,72.6998769728372,27.59902723997351,69.25902474261511
21,4,50,13.300503528797249,-150,0.9263009595919136,72.6998769728372,27.59902723997351,69.25902474261511
21,5,50,13.300503528797249,-150,0.9327217495784549,72.6998769728372,27.59902723997351,69.25902474261511
21,6,50,13.300503528797249,-150,0.9243921582292083,72.6998769728372,27.59902723997351,69.25902474261511
21,7,50,13.300503528797249,-150,0.9375675035779716,72.6998769728372,27.59902723997351,69.25902474261511
21,8,50,13.300503528797249,-150,0.932845837499267,72.6998769728372,27.59902723997351,69.25902474261511
21,9,50,13.300503528797249,-150,0.9326960983425023,72.6998769728372,27.59902723997351,69.25902474261511
21,10,50,13.300503528797249,-150,0.9298190626868427,72.6998769728372,27.59902723997351,69.25902474261511
21,11,50,13.300503528797249,-150,0.9475544286770625,72.6998769728372,27.59902723997351,69.25902474261511
21,12,50,13.300503528797249,-150,0.9222262807849413,72.6998769728372,27.59902723997351,69.25902474261511
21,13,50,13.300503528797249,-150,0.9042426747529365,72.6998769728372,27.59902723997351,69.25902474261511
22,1,50,61.74867285949039,50,0.990278943383626,72.07551631104012,59.42876480613512,70.91668547940237
22,2,50,61.74867285949039,50,0.9867826361534989,72.07551631104012,59.42876480613512,70.91668547940237
22,3,50,61.74867285949039,50,0.9948540526244332,72.07551631104012,59.42876480613512,70.91668547940237
22,4,50,61.74867285949039,50,1.0071917815848574,72.07551631104012,59.42876480613512,70.91668547940237
22,5,50,61.74867285949039,50,1.008037293952815,72.07551631104012,59.42876480613512,70.91668547940237
22,6,50,61.74867285949039,50,1.005558157317973,72.07551631104012,59.42876480613512,70.91668547940237
22,7,50,61.74867285949039,50,0.9886677566857638,72.07551631104012,59.42876480613512,70.91668547940237
22,8,50,61.74867285949039,50,0.9796943811583609,72.07551631104012,59.42876480613512,70.91668547940237
22,9,50,61.74867285949039,50,1.0033389513785913,72.07551631104012,59.42876480613512,70.91668547940237
22,10,50,61.74867285949039,50,0.998077655188304,72.07551631104012,59.42876480613512,70.91668547940237
22,11,50,61.74867285949039,50,1.0073892732418535,72.07551631104012,59.42876480613512,70.91668547940237
22,12,50,61.74867285949039,50,1.0098149517869002,72.07551631104012,59.42876480613512,70.91668547940237
22,13,50,61.74867285949039,50,1.0041778298452742,72.07551631104012,59.42876480613512,70.91668547940237
23,1,100,80.73300590069627,-250,0.8341387992779793,72.37104529392103,10.29757501199772,69.50672871599109
23,2,100,80.73300590069627,-250,0.8403763230655839,72.37104529392103,10.29757501199772,69.50672871599109
23,3,100,80.73300590069627,-250,0.828233626589164,72.37104529392103,10.29757501199772,69.50672871599109
23,4,100,80.73300590069627,-250,0.8373827108687308,72.37104529392103,10.29757501199772,69.50672871599109
23,5,100,80.73300590069627,-250,0.829512650392256,72.37104529392103,10.29757501199772,69.50672871599109
23,6,100,80.73300590069627,-250,0.8309956166381284,72.37104529392103,10.29757501199772,69.50672871599109
23,7,100,80.73300590069627,-250,0.8404662287316504,72.37104529392103,10.29757501199772,69.50672871599109
23,8,100,80.73300590069627,-250,0.8122404346008681,72.37104529392103,10.29757501199772,69.50672871599109
23,9,100,80.73300590069627,-250,0.8192063150306621,72.37104529392103,10.29757501199772,69.50672871599109
23,10,100,80.73300590069627,-250,0.8173491843369814,72.37104529392103,10.29757501199772,69.50672871599109
23,11,100,80.73300590069627,-250,0.8088348771129267,72.37104529392103,10.29757501199772,69.50672871599109
23,12,100,80.73300590069627,-250,0.825388393909858,72.37104529392103,10.29757501199772,69.50672871599109
23,13,100,80.73300590069627,-250,0.8396653773086871,72.37104529392103,10.29757501199772,69.50672871599109
24,1,100,69.48975591939426,250,1.0307206105838567,72.76245224769755,2.8908935673887823,70.92938029258738
24,2,100,69.48975591939426,250,1.051951021147622,72.76245224769755,2.8908935673887823,70.92938029258738
24,3,100,69.48975591939426,250,1.039336428836269,72.76245224769755,2.8908935673887823,70.92938029258738
24,4,100,69.48975591939426,250,1.0300411800136533,72.76245224769755,2.8908935673887823,70.92938029258738
24,5,100,69.48975591939426,250,1.0324711587299407,72.76245224769755,2.8908935673887823,70.92938029258738
24,6,100,69.48975591939426,250,1.0236097971262779,72.76245224769755,2.8908935673887823,70.92938029258738
24,7,100,69.48975591939426,250,1.0295338237145915,72.76245224769755,2.8908935673887823,70.92938029258738
24,8,100,69.48975591939426,250,1.0348349953711837,72.76245224769755,2.8908935673887823,70.92938029258738
24,9,100,69.48975591939426,250,1.046451012445714,72.76245224769755,2.8908935673887823,70.92938029258738
24,10,100,69.48975591939426,250,1.0556228605635878,72.76245224769755,2.8908935673887823,70.92938029258738
24,11,100,69.48975591939426,250,1.0245933470981576,72.76245224769755,2.8908935673887823,70.92938029258738
24,12,100,69.48975591939426,250,1.0423434369345272,72.76245224769755,2.8908935673887823,70.92938029258738
24,13,100,69.48975591939426,250,1.0280097228603526,72.76245224769755,2.8908935673887823,70.92938029258738
25,1,50,79.57311402301355,-250,0.8769285659339405,70.71836592190672,6.603912419342261,70.64980789409793
25,2,50,79.57311402301355,-250,0.8715700442047791,70.71836592190672,6.603912419342261,70.64980789409793
25,3,50,79.57311402301355,-250,0.8757247355508005,70.71836592190672,6.603912419342261,70.64980789409793
25,4,50,79.57311402301355,-250,0.8865464727246253,70.71836592190672,6.603912419342261,70.64980789409793
25,5,50,79.57311402301355,-250,0.880375124908312,70.71836592190672,6.603912419342261,70.64980789409793
25,6,50,79.57311402301355,-250,0.8855541883405008,70.71836592190672,6.603912419342261,70.64980789409793
25,7,50,79.57311402301355,-250,0.8858867868569645,70.71836592190672,6.603912419342261,70.64980789409793
25,8,50,79.57311402301355,-250,0.8954741848729577,70.71836592190672,6.603912419342261,70.64980789409793
25,9,50,79.57311402301355,-250,0.8788397068090322,70.71836592190672,6.603912419342261,70.64980789409793
25,10,50,79.57311402301355,-250,0.8674989901492187,70.71836592190672,6.603912419342261,70.64980789409793
25,11,50,79.57311402301355,-250,0.8929397924833958,70.71836592190672,6.603912419342261,70.64980789409793
25,12,50,79.57311402301355,-250,0.8789526865967036,70.71836592190672,6.603912419342261,70.64980789409793
25,13,50,79.57311402301355,-250,0.8934134927634498,70.71836592190672,6.603912419342261,70.64980789409793
26,1,50,45.75174646022479,-150,0.9408497223217581,72.24414312583241,8.583661886237612,71.36570879208841
26,2,50,45.75174646022479,-150,0.9417578169036012,72.24414312583241,8.583661886237612,71.36570879208841
26,3,50,45.75174646022479,-150,0.9509183125450943,72.24414312583241,8.583661886237612,71.36570879208841
26,4,50,45.75174646022479,-150,0.931699300642757,72.24414312583241,8.583661886237612,71.36570879208841
26,5,50,45.75174646022479,-150,0.943486614696613,72.24414312583241,8.583661886237612,71.36570879208841
26,6,50,45.75174646022479,-150,0.9398972824908918,72.24414312583241,8.583661886237612,71.36570879208841
26,7,50,45.75174646022479,-150,0.943294993085006,72.24414312583241,8.583661886237612,71.36570879208841
26,8,50,45.75174646022479,-150,0.9318222229109363,72.24414312583241,8.583661886237612,71.36570879208841
26,9,50,45.75174646022479,-150,0.9242602360373406,72.24414312583241,8.583661886237612,71.36570879208841
26,10,50,45.75174646022479,-150,0.9194260766105175,72.24414312583241,8.583661886237612,71.36570879208841
26,11,50,45.75174646022479,-150,0.9289820698405343,72.24414312583241,8.583661886237612,71.36570879208841
26,12,50,45.75174646022479,-150,0.935569158121037,72.24414312583241,8.583661886237612,71.36570879208841
26,13,50,45.75174646022479,-150,0.9372239951039427,72.24414312583241,8.583661886237612,71.36570879208841
27,1,50,20.30335813837899,0,0.9825090019411263,71.32653621856086,50.54415703994674,70.24339591671567
27,2,50,20.30335813837899,0,0.987205896815681,71.32653621856086,50.54415703994674,70.24339591671567
27,3,50,20.30335813837899,0,0.9915443514912812,71.32653621856086,50.54415703994674,70.24339591671567
27,4,50,20.30335813837899,0,0.981960055482687,71.32653621856086,50.54415703994674,70.24339591671567
27,5,50,20.30335813837899,0,0.9959911556488709,71.32653621856086,50.54415703994674,70.24339591671567
27,6,50,20.30335813837899,0,0.9739332580601032,71.32653621856086,50.54415703994674,70.24339591671567
27,7,50,20.30335813837899,0,0.98541603094515,71.32653621856086,50.54415703994674,70.24339591671567
27,8,50,20.30335813837899,0,1.0113293775874856,71.32653621856086,50.54415703994674,70.24339591671567
27,9,50,20.30335813837899,0,0.98758343774778,71.32653621856086,50.54415703994674,70.24339591671567
27,10,50,20.30335813837899,0,0.999684785387589,71.32653621856086,50.54415703994674,70.24339591671567
27,11,50,20.30335813837899,0,0.9862678421032594,71.32653621856086,50.54415703994674,70.24339591671567
27,12,50,20.30335813837899,0,0.9911604112748252,71.32653621856086,50.54415703994674,70.24339591671567
27,13,50,20.30335813837899,0,0.9847848083776003,71.32653621856086,50.54415703994674,70.24339591671567
28,1,100,71.98833696874529,0,0.9426024732870341,72.30121095127029,35.57819854925449,69.40392396756997
28,2,100,71.98833696874529,0,0.9431334665446677,72.30121095127029,35.57819854925449,69.40392396756997
28,3,100,71.98833696874529,0,0.9473304842259925,72.30121095127029,35.57819854925449,69.40392396756997
28,4,100,71.98833696874529,0,0.9401429282539057,72.30121095127029,35.57819854925449,69.40392396756997
28,5,100,71.98833696874529,0,0.9336151268459765,72.30121095127029,35.57819854925449,69.40392396756997
28,6,100,71.98833696874529,0,0.9410172699746204,72.30121095127029,35.57819854925449,69.40392396756997
28,7,100,71.98833696874529,0,0.9333908836260693,72.30121095127029,35.57819854925449,69.40392396756997
28,8,100,71.98833696874529,0,0.9458330854361849,72.30121095127029,35.57819854925449,69.40392396756997
28,9,100,71.98833696874529,0,0.9181635533393822,72.30121095127029,35.57819854925449,69.40392396756997
28,10,100,71.98833696874529,0,0.9331215405003469,72.30121095127029,35.57819854925449,69.40392396756997
28,11,100,71.98833696874529,0,0.9165694942302934,72.30121095127029,35.57819854925449,69.40392396756997
28,12,100,71.98833696874529,0,0.9215270058792614,72.30121095127029,35.57819854925449,69.40392396756997
28,13,100,71.98833696874529,0,0.9501162364796725,72.30121095127029,35.57819854925449,69.40392396756997
29,1,100,54.07563671505728,-150,0.8917123836794881,70.94824758077137,69.00690102487002,67.92482981351084
29,2,100,54.07563671505728,-150,0.8718570762716505,70.94824758077137,69.00690102487002,67.92482981351084
29,3,100,54.07563671505728,-150,0.8619125106965192,70.94824758077137,69.00690102487002,67.92482981351084
29,4,100,54.07563671505728,-150,0.8721590356520171,70.94824758077137,69.00690102487002,67.92482981351084
29,5,100,54.07563671505728,-150,0.8518986500270697,70.94824758077137,69.00690102487002,67.92482981351084
29,6,100,54.07563671505728,-150,0.8645349999300378,70.94824758077137,69.00690102487002,67.92482981351084
29,7,100,54.07563671505728,-150,0.8685030082871715,70.94824758077137,69.00690102487002,67.92482981351084
29,8,100,54.07563671505728,-150,0.8666472270388036,70.94824758077137,69.00690102487002,67.92482981351084
29,9,100,54.07563671505728,-150,0.8754162947739149,70.94824758077137,69.00690102487002,67.92482981351084
29,10,100,54.07563671505728,-150,0.8709546858193746,70.94824758077137,69.00690102487002,67.92482981351084
29,11,100,54.07563671505728,-150,0.8741914937380941,70.94824758077137,69.00690102487002,67.92482981351084
29,12,100,54.07563671505728,-150,0.8606245107347065,70.94824758077137,69.00690102487002,67.92482981351084
29,13,100,54.07563671505728,-150,0.8764863876411196,70.94824758077137,69.00690102487002,67.92482981351084
30,1,100,50.037248522560354,250,1.0614894108905126,71.37861304099981,10.194903976951778,70.93504903542416
30,2,100,50.037248522560354,250,1.0430258398509251,71.37861304099981,10.194903976951778,70.93504903542416
30,3,100,50.037248522560354,250,1.0620016527325542,71.37861304099981,10.194903976951778,70.93504903542416
30,4,100,50.037248522560354,250,1.0487660551379014,71.37861304099981,10.194903976951778,70.93504903542416
30,5,100,50.037248522560354,250,1.050033485203074,71.37861304099981,10.194903976951778,70.93504903542416
30,6,100,50.037248522560354,250,1.063098377186546,71.37861304099981,10.194903976951778,70.93504903542416
30,7,100,50.037248522560354,250,1.0438334921954053,71.37861304099981,10.194903976951778,70.93504903542416
30,8,100,50.037248522560354,250,1.0380399760105974,71.37861304099981,10.194903976951778,70.93504903542416
30,9,100,50.037248522560354,250,1.0429655548895636,71.37861304099981,10.194903976951778,70.93504903542416
30,10,100,50.037248522560354,250,1.0519745364762785,71.37861304099981,10.194903976951778,70.93504903542416
30,11,100,50.037248522560354,250,1.031793606248042,71.37861304099981,10.194903976951778,70.93504903542416
30,12,100,50.037248522560354,250,1.0538259059963582,71.37861304099981,10.194903976951778,70.93504903542416
30,13,100,50.037248522560354,250,1.0420634837936695,71.37861304099981,10.194903976951778,70.93504903542416
