batch_id,print_job_id,timestamp,resin_type,layer_thickness_um,orientation_deg,support_mode,fit_adjustment_pct,channel_length_mm,channel_width_mm,channel_id,measured_flow_mL_per_min,resin_temp,resin_age,ambient_temp
BATCH_001,JOB_1000,2025-08-27T01:57:47,Resin_C,20.0,45.0,manual,0.395,26.241,1.174,BATCH_001_CH01,0.398964,76.67,0.0,73.85
BATCH_001,JOB_1000,2025-08-27T01:57:47,Resin_C,20.0,45.0,manual,0.395,26.241,1.174,BATCH_001_CH02,0.427355,77.21,0.0,70.38
BATCH_001,JOB_1000,2025-08-27T01:57:47,Resin_C,20.0,45.0,manual,0.395,26.241,1.174,BATCH_001_CH03,0.365588,76.27,0.0,71.93
BATCH_001,JOB_1000,2025-08-27T01:57:47,Resin_C,20.0,45.0,manual,0.395,26.241,1.174,BATCH_001_CH04,0.36775,76.26,0.0,73.57
BATCH_001,JOB_1000,2025-08-27T01:57:47,Resin_C,20.0,45.0,manual,0.395,26.241,1.174,BATCH_001_CH05,0.365956,76.79,0.0,70.44
BATCH_001,JOB_1000,2025-08-27T01:57:47,Resin_C,20.0,45.0,manual,0.395,26.241,1.174,BATCH_001_CH06,0.352267,76.93,0.0,72.36
BATCH_001,JOB_1000,2025-08-27T01:57:47,Resin_C,20.0,45.0,manual,0.395,26.241,1.174,BATCH_001_CH07,0.286732,77.23,0.0,70.21
BATCH_001,JOB_1000,2025-08-27T01:57:47,Resin_C,20.0,45.0,manual,0.395,26.241,1.174,BATCH_001_CH08,0.425021,76.56,0.0,73.81
BATCH_001,JOB_1000,2025-08-27T01:57:47,Resin_C,20.0,45.0,manual,0.395,26.241,1.174,BATCH_001_CH09,0.419823,77.83,0.0,71.5
BATCH_001,JOB_1000,2025-08-27T01:57:47,Resin_C,20.0,45.0,manual,0.395,26.241,1.174,BATCH_001_CH10,0.328987,76.56,0.0,72.54
BATCH_002,JOB_1001,2025-08-28T01:57:47,Resin_B,100.0,45.0,manual,0.057,43.697,2.823,BATCH_002_CH01,0.061027,77.33,0.0,70.53
BATCH_002,JOB_1001,2025-08-28T01:57:47,Resin_B,100.0,45.0,manual,0.057,43.697,2.823,BATCH_002_CH02,0.071076,76.97,0.0,72.21
BATCH_002,JOB_1001,2025-08-28T01:57:47,Resin_B,100.0,45.0,manual,0.057,43.697,2.823,BATCH_002_CH03,0.066814,76.9,0.0,71.22
BATCH_002,JOB_1001,2025-08-28T01:57:47,Resin_B,100.0,45.0,manual,0.057,43.697,2.823,BATCH_002_CH04,0.060798,77.15,0.0,72.79
BATCH_002,JOB_1001,2025-08-28T01:57:47,Resin_B,100.0,45.0,manual,0.057,43.697,2.823,BATCH_002_CH05,0.058292,77.05,0.0,71.57
BATCH_002,JOB_1001,2025-08-28T01:57:47,Resin_B,100.0,45.0,manual,0.057,43.697,2.823,BATCH_002_CH06,0.063874,77.18,0.0,71.32
BATCH_002,JOB_1001,2025-08-28T01:57:47,Resin_B,100.0,45.0,manual,0.057,43.697,2.823,BATCH_002_CH07,0.06146,77.17,0.0,72.06
BATCH_002,JOB_1001,2025-08-28T01:57:47,Resin_B,100.0,45.0,manual,0.057,43.697,2.823,BATCH_002_CH08,0.064889,76.75,0.0,71.7
BATCH_002,JOB_1001,2025-08-28T01:57:47,Resin_B,100.0,45.0,manual,0.057,43.697,2.823,BATCH_002_CH09,0.063435,76.92,0.0,71.81
BATCH_002,JOB_1001,2025-08-28T01:57:47,Resin_B,100.0,45.0,manual,0.057,43.697,2.823,BATCH_002_CH10,0.067452,76.83,0.0,73.14
BATCH_003,JOB_1002,2025-08-29T01:57:47,Resin_B,50.0,30.0,manual,-1.261,58.783,3.818,BATCH_003_CH01,6.920072,77.84,0.0,72.2
BATCH_003,JOB_1002,2025-08-29T01:57:47,Resin_B,50.0,30.0,manual,-1.261,58.783,3.818,BATCH_003_CH02,7.36914,76.37,0.0,71.36
BATCH_003,JOB_1002,2025-08-29T01:57:47,Resin_B,50.0,30.0,manual,-1.261,58.783,3.818,BATCH_003_CH03,6.088657,77.71,0.0,71.43
BATCH_003,JOB_1002,2025-08-29T01:57:47,Resin_B,50.0,30.0,manual,-1.261,58.783,3.818,BATCH_003_CH04,5.699802,76.88,0.0,71.82
BATCH_003,JOB_1002,2025-08-29T01:57:47,Resin_B,50.0,30.0,manual,-1.261,58.783,3.818,BATCH_003_CH05,7.295961,75.88,0.0,72.5
BATCH_003,JOB_1002,2025-08-29T01:57:47,Resin_B,50.0,30.0,manual,-1.261,58.783,3.818,BATCH_003_CH06,6.40758,77.01,0.0,73.43
BATCH_003,JOB_1002,2025-08-29T01:57:47,Resin_B,50.0,30.0,manual,-1.261,58.783,3.818,BATCH_003_CH07,5.860038,76.98,0.0,72.71
BATCH_003,JOB_1002,2025-08-29T01:57:47,Resin_B,50.0,30.0,manual,-1.261,58.783,3.818,BATCH_003_CH08,6.175673,77.09,0.0,72.12
BATCH_003,JOB_1002,2025-08-29T01:57:47,Resin_B,50.0,30.0,manual,-1.261,58.783,3.818,BATCH_003_CH09,6.006399,76.62,0.0,70.7
BATCH_003,JOB_1002,2025-08-29T01:57:47,Resin_B,50.0,30.0,manual,-1.261,58.783,3.818,BATCH_003_CH10,6.863046,77.24,0.0,70.35
BATCH_004,JOB_1003,2025-08-30T01:57:47,Resin_C,20.0,0.0,auto,1.948,50.89,1.017,BATCH_004_CH01,0.285353,76.51,1.0,71.81
BATCH_004,JOB_1003,2025-08-30T01:57:47,Resin_C,20.0,0.0,auto,1.948,50.89,1.017,BATCH_004_CH02,0.293594,77.06,1.0,71.69
BATCH_004,JOB_1003,2025-08-30T01:57:47,Resin_C,20.0,0.0,auto,1.948,50.89,1.017,BATCH_004_CH03,0.293772,76.68,1.0,71.03
BATCH_004,JOB_1003,2025-08-30T01:57:47,Resin_C,20.0,0.0,auto,1.948,50.89,1.017,BATCH_004_CH04,0.290014,76.65,1.0,71.66
BATCH_004,JOB_1003,2025-08-30T01:57:47,Resin_C,20.0,0.0,auto,1.948,50.89,1.017,BATCH_004_CH05,0.264069,77.04,1.0,72.66
BATCH_004,JOB_1003,2025-08-30T01:57:47,Resin_C,20.0,0.0,auto,1.948,50.89,1.017,BATCH_004_CH06,0.252843,76.32,1.0,71.86
BATCH_004,JOB_1003,2025-08-30T01:57:47,Resin_C,20.0,0.0,auto,1.948,50.89,1.017,BATCH_004_CH07,0.228987,77.21,1.0,71.56
BATCH_004,JOB_1003,2025-08-30T01:57:47,Resin_C,20.0,0.0,auto,1.948,50.89,1.017,BATCH_004_CH08,0.299308,76.86,1.0,73.08
BATCH_004,JOB_1003,2025-08-30T01:57:47,Resin_C,20.0,0.0,auto,1.948,50.89,1.017,BATCH_004_CH09,0.264863,76.52,1.0,71.31
BATCH_004,JOB_1003,2025-08-30T01:57:47,Resin_C,20.0,0.0,auto,1.948,50.89,1.017,BATCH_004_CH10,0.258589,77.32,1.0,71.53
BATCH_005,JOB_1004,2025-08-31T01:57:47,Resin_A,100.0,60.0,manual,-0.901,42.45,3.915,BATCH_005_CH01,1.504444,77.06,1.0,72.52
BATCH_005,JOB_1004,2025-08-31T01:57:47,Resin_A,100.0,60.0,manual,-0.901,42.45,3.915,BATCH_005_CH02,1.543008,77.33,1.0,72.44
BATCH_005,JOB_1004,2025-08-31T01:57:47,Resin_A,100.0,60.0,manual,-0.901,42.45,3.915,BATCH_005_CH03,1.325152,77.17,1.0,71.09
BATCH_005,JOB_1004,2025-08-31T01:57:47,Resin_A,100.0,60.0,manual,-0.901,42.45,3.915,BATCH_005_CH04,1.315926,78.21,1.0,72.19
BATCH_005,JOB_1004,2025-08-31T01:57:47,Resin_A,100.0,60.0,manual,-0.901,42.45,3.915,BATCH_005_CH05,1.415577,76.69,1.0,71.27
BATCH_005,JOB_1004,2025-08-31T01:57:47,Resin_A,100.0,60.0,manual,-0.901,42.45,3.915,BATCH_005_CH06,1.298441,76.98,1.0,72.26
BATCH_005,JOB_1004,2025-08-31T01:57:47,Resin_A,100.0,60.0,manual,-0.901,42.45,3.915,BATCH_005_CH07,1.45884,76.31,1.0,71.9
BATCH_005,JOB_1004,2025-08-31T01:57:47,Resin_A,100.0,60.0,manual,-0.901,42.45,3.915,BATCH_005_CH08,1.420911,76.24,1.0,71.57
BATCH_005,JOB_1004,2025-08-31T01:57:47,Resin_A,100.0,60.0,manual,-0.901,42.45,3.915,BATCH_005_CH09,1.815705,77.16,1.0,72.72
BATCH_005,JOB_1004,2025-08-31T01:57:47,Resin_A,100.0,60.0,manual,-0.901,42.45,3.915,BATCH_005_CH10,1.289884,76.61,1.0,72.22
BATCH_006,JOB_1005,2025-09-01T01:57:47,Resin_B,20.0,90.0,auto,1.022,29.152,1.869,BATCH_006_CH01,0.152785,77.43,1.0,72.92
BATCH_006,JOB_1005,2025-09-01T01:57:47,Resin_B,20.0,90.0,auto,1.022,29.152,1.869,BATCH_006_CH02,0.16234,77.73,1.0,73.3
BATCH_006,JOB_1005,2025-09-01T01:57:47,Resin_B,20.0,90.0,auto,1.022,29.152,1.869,BATCH_006_CH03,0.14923,77.63,1.0,72.29
BATCH_006,JOB_1005,2025-09-01T01:57:47,Resin_B,20.0,90.0,auto,1.022,29.152,1.869,BATCH_006_CH04,0.150065,75.83,1.0,72.72
BATCH_006,JOB_1005,2025-09-01T01:57:47,Resin_B,20.0,90.0,auto,1.022,29.152,1.869,BATCH_006_CH05,0.165448,77.48,1.0,71.03
BATCH_006,JOB_1005,2025-09-01T01:57:47,Resin_B,20.0,90.0,auto,1.022,29.152,1.869,BATCH_006_CH06,0.148043,77.29,1.0,71.71
BATCH_006,JOB_1005,2025-09-01T01:57:47,Resin_B,20.0,90.0,auto,1.022,29.152,1.869,BATCH_006_CH07,0.140989,77.13,1.0,72.9
BATCH_006,JOB_1005,2025-09-01T01:57:47,Resin_B,20.0,90.0,auto,1.022,29.152,1.869,BATCH_006_CH08,0.155283,77.36,1.0,71.91
BATCH_006,JOB_1005,2025-09-01T01:57:47,Resin_B,20.0,90.0,auto,1.022,29.152,1.869,BATCH_006_CH09,0.141756,76.52,1.0,71.27
BATCH_006,JOB_1005,2025-09-01T01:57:47,Resin_B,20.0,90.0,auto,1.022,29.152,1.869,BATCH_006_CH10,0.140138,76.65,1.0,71.88
BATCH_007,JOB_1006,2025-09-02T01:57:47,Resin_B,20.0,60.0,auto,1.443,20.278,2.252,BATCH_007_CH01,6.121853,76.82,2.0,72.52
BATCH_007,JOB_1006,2025-09-02T01:57:47,Resin_B,20.0,60.0,auto,1.443,20.278,2.252,BATCH_007_CH02,6.189659,76.97,2.0,72.03
BATCH_007,JOB_1006,2025-09-02T01:57:47,Resin_B,20.0,60.0,auto,1.443,20.278,2.252,BATCH_007_CH03,6.662653,78.14,2.0,73.52
BATCH_007,JOB_1006,2025-09-02T01:57:47,Resin_B,20.0,60.0,auto,1.443,20.278,2.252,BATCH_007_CH04,6.268107,76.53,2.0,71.93
BATCH_007,JOB_1006,2025-09-02T01:57:47,Resin_B,20.0,60.0,auto,1.443,20.278,2.252,BATCH_007_CH05,6.510954,76.83,2.0,72.76
BATCH_007,JOB_1006,2025-09-02T01:57:47,Resin_B,20.0,60.0,auto,1.443,20.278,2.252,BATCH_007_CH06,5.084939,77.2,2.0,71.81
BATCH_007,JOB_1006,2025-09-02T01:57:47,Resin_B,20.0,60.0,auto,1.443,20.278,2.252,BATCH_007_CH07,5.772853,77.0,2.0,70.37
BATCH_007,JOB_1006,2025-09-02T01:57:47,Resin_B,20.0,60.0,auto,1.443,20.278,2.252,BATCH_007_CH08,7.26883,76.81,2.0,72.44
BATCH_007,JOB_1006,2025-09-02T01:57:47,Resin_B,20.0,60.0,auto,1.443,20.278,2.252,BATCH_007_CH09,6.362129,76.65,2.0,71.58
BATCH_007,JOB_1006,2025-09-02T01:57:47,Resin_B,20.0,60.0,auto,1.443,20.278,2.252,BATCH_007_CH10,5.307269,76.94,2.0,71.49
BATCH_008,JOB_1007,2025-09-03T01:57:47,Resin_A,20.0,0.0,manual,-1.852,44.383,1.154,BATCH_008_CH01,3.020303,77.12,2.0,71.07
BATCH_008,JOB_1007,2025-09-03T01:57:47,Resin_A,20.0,0.0,manual,-1.852,44.383,1.154,BATCH_008_CH02,2.807919,76.7,2.0,71.74
BATCH_008,JOB_1007,2025-09-03T01:57:47,Resin_A,20.0,0.0,manual,-1.852,44.383,1.154,BATCH_008_CH03,2.716921,77.46,2.0,72.6
BATCH_008,JOB_1007,2025-09-03T01:57:47,Resin_A,20.0,0.0,manual,-1.852,44.383,1.154,BATCH_008_CH04,2.761085,77.38,2.0,70.88
BATCH_008,JOB_1007,2025-09-03T01:57:47,Resin_A,20.0,0.0,manual,-1.852,44.383,1.154,BATCH_008_CH05,2.980542,76.8,2.0,71.27
BATCH_008,JOB_1007,2025-09-03T01:57:47,Resin_A,20.0,0.0,manual,-1.852,44.383,1.154,BATCH_008_CH06,2.880459,77.33,2.0,72.64
BATCH_008,JOB_1007,2025-09-03T01:57:47,Resin_A,20.0,0.0,manual,-1.852,44.383,1.154,BATCH_008_CH07,3.103766,76.98,2.0,71.78
BATCH_008,JOB_1007,2025-09-03T01:57:47,Resin_A,20.0,0.0,manual,-1.852,44.383,1.154,BATCH_008_CH08,2.551148,77.44,2.0,72.1
BATCH_008,JOB_1007,2025-09-03T01:57:47,Resin_A,20.0,0.0,manual,-1.852,44.383,1.154,BATCH_008_CH09,2.659089,77.46,2.0,70.88
BATCH_008,JOB_1007,2025-09-03T01:57:47,Resin_A,20.0,0.0,manual,-1.852,44.383,1.154,BATCH_008_CH10,3.10545,77.71,2.0,70.3
BATCH_009,JOB_1008,2025-09-04T01:57:47,Resin_C,50.0,90.0,manual,1.934,35.953,3.395,BATCH_009_CH01,11.77815,76.38,2.0,71.89
BATCH_009,JOB_1008,2025-09-04T01:57:47,Resin_C,50.0,90.0,manual,1.934,35.953,3.395,BATCH_009_CH02,10.339151,77.21,2.0,72.06
BATCH_009,JOB_1008,2025-09-04T01:57:47,Resin_C,50.0,90.0,manual,1.934,35.953,3.395,BATCH_009_CH03,12.672629,76.71,2.0,71.27
BATCH_009,JOB_1008,2025-09-04T01:57:47,Resin_C,50.0,90.0,manual,1.934,35.953,3.395,BATCH_009_CH04,12.251938,76.53,2.0,71.86
BATCH_009,JOB_1008,2025-09-04T01:57:47,Resin_C,50.0,90.0,manual,1.934,35.953,3.395,BATCH_009_CH05,10.456995,76.88,2.0,72.47
BATCH_009,JOB_1008,2025-09-04T01:57:47,Resin_C,50.0,90.0,manual,1.934,35.953,3.395,BATCH_009_CH06,10.943774,76.6,2.0,72.48
BATCH_009,JOB_1008,2025-09-04T01:57:47,Resin_C,50.0,90.0,manual,1.934,35.953,3.395,BATCH_009_CH07,12.787542,76.84,2.0,70.68
BATCH_009,JOB_1008,2025-09-04T01:57:47,Resin_C,50.0,90.0,manual,1.934,35.953,3.395,BATCH_009_CH08,12.456296,77.59,2.0,72.79
BATCH_009,JOB_1008,2025-09-04T01:57:47,Resin_C,50.0,90.0,manual,1.934,35.953,3.395,BATCH_009_CH09,10.899146,77.47,2.0,71.71
BATCH_009,JOB_1008,2025-09-04T01:57:47,Resin_C,50.0,90.0,manual,1.934,35.953,3.395,BATCH_009_CH10,11.428106,78.15,2.0,71.69
BATCH_010,JOB_1009,2025-09-05T01:57:47,Resin_A,20.0,30.0,manual,-1.45,33.643,3.774,BATCH_010_CH01,0.205979,77.03,3.0,72.57
BATCH_010,JOB_1009,2025-09-05T01:57:47,Resin_A,20.0,30.0,manual,-1.45,33.643,3.774,BATCH_010_CH02,0.225477,76.35,3.0,71.91
BATCH_010,JOB_1009,2025-09-05T01:57:47,Resin_A,20.0,30.0,manual,-1.45,33.643,3.774,BATCH_010_CH03,0.235895,77.33,3.0,72.23
BATCH_010,JOB_1009,2025-09-05T01:57:47,Resin_A,20.0,30.0,manual,-1.45,33.643,3.774,BATCH_010_CH04,0.224843,77.29,3.0,73.12
BATCH_010,JOB_1009,2025-09-05T01:57:47,Resin_A,20.0,30.0,manual,-1.45,33.643,3.774,BATCH_010_CH05,0.242731,77.19,3.0,71.81
BATCH_010,JOB_1009,2025-09-05T01:57:47,Resin_A,20.0,30.0,manual,-1.45,33.643,3.774,BATCH_010_CH06,0.267835,76.62,3.0,70.35
BATCH_010,JOB_1009,2025-09-05T01:57:47,Resin_A,20.0,30.0,manual,-1.45,33.643,3.774,BATCH_010_CH07,0.206667,77.54,3.0,71.03
BATCH_010,JOB_1009,2025-09-05T01:57:47,Resin_A,20.0,30.0,manual,-1.45,33.643,3.774,BATCH_010_CH08,0.209201,76.85,3.0,72.06
BATCH_010,JOB_1009,2025-09-05T01:57:47,Resin_A,20.0,30.0,manual,-1.45,33.643,3.774,BATCH_010_CH09,0.182839,77.48,3.0,71.95
BATCH_010,JOB_1009,2025-09-05T01:57:47,Resin_A,20.0,30.0,manual,-1.45,33.643,3.774,BATCH_010_CH10,0.239032,77.19,3.0,72.02
BATCH_011,JOB_1010,2025-09-06T01:57:47,Resin_C,100.0,45.0,manual,1.548,51.195,1.252,BATCH_011_CH01,4.316868,75.71,3.0,72.35
BATCH_011,JOB_1010,2025-09-06T01:57:47,Resin_C,100.0,45.0,manual,1.548,51.195,1.252,BATCH_011_CH02,3.894359,77.71,3.0,71.81
BATCH_011,JOB_1010,2025-09-06T01:57:47,Resin_C,100.0,45.0,manual,1.548,51.195,1.252,BATCH_011_CH03,4.976452,77.05,3.0,72.06
BATCH_011,JOB_1010,2025-09-06T01:57:47,Resin_C,100.0,45.0,manual,1.548,51.195,1.252,BATCH_011_CH04,4.392678,77.32,3.0,71.81
BATCH_011,JOB_1010,2025-09-06T01:57:47,Resin_C,100.0,45.0,manual,1.548,51.195,1.252,BATCH_011_CH05,3.694327,76.45,3.0,72.01
BATCH_011,JOB_1010,2025-09-06T01:57:47,Resin_C,100.0,45.0,manual,1.548,51.195,1.252,BATCH_011_CH06,4.46931,76.47,3.0,72.85
BATCH_011,JOB_1010,2025-09-06T01:57:47,Resin_C,100.0,45.0,manual,1.548,51.195,1.252,BATCH_011_CH07,3.785177,75.92,3.0,72.27
BATCH_011,JOB_1010,2025-09-06T01:57:47,Resin_C,100.0,45.0,manual,1.548,51.195,1.252,BATCH_011_CH08,4.524054,77.78,3.0,72.66
BATCH_011,JOB_1010,2025-09-06T01:57:47,Resin_C,100.0,45.0,manual,1.548,51.195,1.252,BATCH_011_CH09,4.679864,76.67,3.0,73.16
BATCH_011,JOB_1010,2025-09-06T01:57:47,Resin_C,100.0,45.0,manual,1.548,51.195,1.252,BATCH_011_CH10,3.849764,76.75,3.0,72.91
BATCH_012,JOB_1011,2025-09-07T01:57:47,Resin_C,100.0,0.0,manual,0.273,23.747,1.796,BATCH_012_CH01,2.043813,76.44,3.0,71.49
BATCH_012,JOB_1011,2025-09-07T01:57:47,Resin_C,100.0,0.0,manual,0.273,23.747,1.796,BATCH_012_CH02,1.83372,76.01,3.0,71.38
BATCH_012,JOB_1011,2025-09-07T01:57:47,Resin_C,100.0,0.0,manual,0.273,23.747,1.796,BATCH_012_CH03,2.105944,76.28,3.0,71.95
BATCH_012,JOB_1011,2025-09-07T01:57:47,Resin_C,100.0,0.0,manual,0.273,23.747,1.796,BATCH_012_CH04,1.979802,77.21,3.0,71.96
BATCH_012,JOB_1011,2025-09-07T01:57:47,Resin_C,100.0,0.0,manual,0.273,23.747,1.796,BATCH_012_CH05,2.392459,76.77,3.0,72.83
BATCH_012,JOB_1011,2025-09-07T01:57:47,Resin_C,100.0,0.0,manual,0.273,23.747,1.796,BATCH_012_CH06,1.89635,76.76,3.0,72.76
BATCH_012,JOB_1011,2025-09-07T01:57:47,Resin_C,100.0,0.0,manual,0.273,23.747,1.796,BATCH_012_CH07,1.614508,76.24,3.0,73.42
BATCH_012,JOB_1011,2025-09-07T01:57:47,Resin_C,100.0,0.0,manual,0.273,23.747,1.796,BATCH_012_CH08,1.872246,76.62,3.0,72.76
BATCH_012,JOB_1011,2025-09-07T01:57:47,Resin_C,100.0,0.0,manual,0.273,23.747,1.796,BATCH_012_CH09,1.697809,76.48,3.0,72.98
BATCH_012,JOB_1011,2025-09-07T01:57:47,Resin_C,100.0,0.0,manual,0.273,23.747,1.796,BATCH_012_CH10,2.06232,77.42,3.0,71.81
BATCH_013,JOB_1012,2025-09-08T01:57:47,Resin_C,20.0,0.0,manual,1.762,58.157,2.11,BATCH_013_CH01,11.250569,76.76,4.0,73.03
BATCH_013,JOB_1012,2025-09-08T01:57:47,Resin_C,20.0,0.0,manual,1.762,58.157,2.11,BATCH_013_CH02,10.663973,77.89,4.0,71.96
BATCH_013,JOB_1012,2025-09-08T01:57:47,Resin_C,20.0,0.0,manual,1.762,58.157,2.11,BATCH_013_CH03,9.832564,77.01,4.0,71.96
BATCH_013,JOB_1012,2025-09-08T01:57:47,Resin_C,20.0,0.0,manual,1.762,58.157,2.11,BATCH_013_CH04,9.114927,76.64,4.0,70.47
BATCH_013,JOB_1012,2025-09-08T01:57:47,Resin_C,20.0,0.0,manual,1.762,58.157,2.11,BATCH_013_CH05,10.262552,76.99,4.0,70.92
BATCH_013,JOB_1012,2025-09-08T01:57:47,Resin_C,20.0,0.0,manual,1.762,58.157,2.11,BATCH_013_CH06,11.662169,76.95,4.0,71.56
BATCH_013,JOB_1012,2025-09-08T01:57:47,Resin_C,20.0,0.0,manual,1.762,58.157,2.11,BATCH_013_CH07,10.972191,77.94,4.0,73.7
BATCH_013,JOB_1012,2025-09-08T01:57:47,Resin_C,20.0,0.0,manual,1.762,58.157,2.11,BATCH_013_CH08,9.404009,77.25,4.0,72.05
BATCH_013,JOB_1012,2025-09-08T01:57:47,Resin_C,20.0,0.0,manual,1.762,58.157,2.11,BATCH_013_CH09,10.928242,77.2,4.0,70.67
BATCH_013,JOB_1012,2025-09-08T01:57:47,Resin_C,20.0,0.0,manual,1.762,58.157,2.11,BATCH_013_CH10,11.156123,76.11,4.0,72.34
BATCH_014,JOB_1013,2025-09-09T01:57:47,Resin_B,50.0,30.0,auto,0.073,55.095,3.091,BATCH_014_CH01,5.707848,76.67,4.0,71.86
BATCH_014,JOB_1013,2025-09-09T01:57:47,Resin_B,50.0,30.0,auto,0.073,55.095,3.091,BATCH_014_CH02,7.185799,77.43,4.0,72.01
BATCH_014,JOB_1013,2025-09-09T01:57:47,Resin_B,50.0,30.0,auto,0.073,55.095,3.091,BATCH_014_CH03,6.884729,76.94,4.0,70.83
BATCH_014,JOB_1013,2025-09-09T01:57:47,Resin_B,50.0,30.0,auto,0.073,55.095,3.091,BATCH_014_CH04,5.932036,76.93,4.0,72.13
BATCH_014,JOB_1013,2025-09-09T01:57:47,Resin_B,50.0,30.0,auto,0.073,55.095,3.091,BATCH_014_CH05,6.505506,76.71,4.0,72.71
BATCH_014,JOB_1013,2025-09-09T01:57:47,Resin_B,50.0,30.0,auto,0.073,55.095,3.091,BATCH_014_CH06,6.475681,76.74,4.0,72.54
BATCH_014,JOB_1013,2025-09-09T01:57:47,Resin_B,50.0,30.0,auto,0.073,55.095,3.091,BATCH_014_CH07,6.328407,77.44,4.0,73.14
BATCH_014,JOB_1013,2025-09-09T01:57:47,Resin_B,50.0,30.0,auto,0.073,55.095,3.091,BATCH_014_CH08,6.863764,76.52,4.0,73.37
BATCH_014,JOB_1013,2025-09-09T01:57:47,Resin_B,50.0,30.0,auto,0.073,55.095,3.091,BATCH_014_CH09,7.220744,77.2,4.0,72.36
BATCH_014,JOB_1013,2025-09-09T01:57:47,Resin_B,50.0,30.0,auto,0.073,55.095,3.091,BATCH_014_CH10,6.317911,77.33,4.0,71.45
BATCH_015,JOB_1014,2025-09-10T01:57:47,Resin_A,50.0,60.0,auto,-0.648,35.023,2.735,BATCH_015_CH01,0.1593,77.1,4.0,72.36
BATCH_015,JOB_1014,2025-09-10T01:57:47,Resin_A,50.0,60.0,auto,-0.648,35.023,2.735,BATCH_015_CH02,0.151383,77.25,4.0,73.55
BATCH_015,JOB_1014,2025-09-10T01:57:47,Resin_A,50.0,60.0,auto,-0.648,35.023,2.735,BATCH_015_CH03,0.13133,77.74,4.0,72.19
BATCH_015,JOB_1014,2025-09-10T01:57:47,Resin_A,50.0,60.0,auto,-0.648,35.023,2.735,BATCH_015_CH04,0.165648,77.64,4.0,73.76
BATCH_015,JOB_1014,2025-09-10T01:57:47,Resin_A,50.0,60.0,auto,-0.648,35.023,2.735,BATCH_015_CH05,0.153304,77.01,4.0,69.52
BATCH_015,JOB_1014,2025-09-10T01:57:47,Resin_A,50.0,60.0,auto,-0.648,35.023,2.735,BATCH_015_CH06,0.161217,77.37,4.0,72.04
BATCH_015,JOB_1014,2025-09-10T01:57:47,Resin_A,50.0,60.0,auto,-0.648,35.023,2.735,BATCH_015_CH07,0.14565,77.86,4.0,72.0
BATCH_015,JOB_1014,2025-09-10T01:57:47,Resin_A,50.0,60.0,auto,-0.648,35.023,2.735,BATCH_015_CH08,0.154579,77.44,4.0,71.68
BATCH_015,JOB_1014,2025-09-10T01:57:47,Resin_A,50.0,60.0,auto,-0.648,35.023,2.735,BATCH_015_CH09,0.18489,76.71,4.0,72.06
BATCH_015,JOB_1014,2025-09-10T01:57:47,Resin_A,50.0,60.0,auto,-0.648,35.023,2.735,BATCH_015_CH10,0.16199,77.01,4.0,70.82
BATCH_016,JOB_1015,2025-09-11T01:57:47,Resin_A,100.0,60.0,manual,-1.793,41.254,2.912,BATCH_016_CH01,2.868454,76.87,5.0,70.63
BATCH_016,JOB_1015,2025-09-11T01:57:47,Resin_A,100.0,60.0,manual,-1.793,41.254,2.912,BATCH_016_CH02,3.663938,77.41,5.0,73.15
BATCH_016,JOB_1015,2025-09-11T01:57:47,Resin_A,100.0,60.0,manual,-1.793,41.254,2.912,BATCH_016_CH03,3.358836,78.15,5.0,73.81
BATCH_016,JOB_1015,2025-09-11T01:57:47,Resin_A,100.0,60.0,manual,-1.793,41.254,2.912,BATCH_016_CH04,3.903482,76.25,5.0,73.06
BATCH_016,JOB_1015,2025-09-11T01:57:47,Resin_A,100.0,60.0,manual,-1.793,41.254,2.912,BATCH_016_CH05,3.311813,77.94,5.0,71.32
BATCH_016,JOB_1015,2025-09-11T01:57:47,Resin_A,100.0,60.0,manual,-1.793,41.254,2.912,BATCH_016_CH06,3.555603,77.44,5.0,72.02
BATCH_016,JOB_1015,2025-09-11T01:57:47,Resin_A,100.0,60.0,manual,-1.793,41.254,2.912,BATCH_016_CH07,3.77851,76.42,5.0,71.09
BATCH_016,JOB_1015,2025-09-11T01:57:47,Resin_A,100.0,60.0,manual,-1.793,41.254,2.912,BATCH_016_CH08,3.908273,77.54,5.0,70.34
BATCH_016,JOB_1015,2025-09-11T01:57:47,Resin_A,100.0,60.0,manual,-1.793,41.254,2.912,BATCH_016_CH09,3.165141,77.56,5.0,71.41
BATCH_016,JOB_1015,2025-09-11T01:57:47,Resin_A,100.0,60.0,manual,-1.793,41.254,2.912,BATCH_016_CH10,3.476557,77.46,5.0,72.19
BATCH_017,JOB_1016,2025-09-12T01:57:47,Resin_A,100.0,30.0,manual,0.197,48.584,1.84,BATCH_017_CH01,6.371796,76.87,5.0,72.3
BATCH_017,JOB_1016,2025-09-12T01:57:47,Resin_A,100.0,30.0,manual,0.197,48.584,1.84,BATCH_017_CH02,5.799019,77.11,5.0,71.7
BATCH_017,JOB_1016,2025-09-12T01:57:47,Resin_A,100.0,30.0,manual,0.197,48.584,1.84,BATCH_017_CH03,4.457692,77.52,5.0,73.19
BATCH_017,JOB_1016,2025-09-12T01:57:47,Resin_A,100.0,30.0,manual,0.197,48.584,1.84,BATCH_017_CH04,5.001793,77.2,5.0,72.22
BATCH_017,JOB_1016,2025-09-12T01:57:47,Resin_A,100.0,30.0,manual,0.197,48.584,1.84,BATCH_017_CH05,5.922251,77.28,5.0,73.62
BATCH_017,JOB_1016,2025-09-12T01:57:47,Resin_A,100.0,30.0,manual,0.197,48.584,1.84,BATCH_017_CH06,4.884348,76.01,5.0,72.32
BATCH_017,JOB_1016,2025-09-12T01:57:47,Resin_A,100.0,30.0,manual,0.197,48.584,1.84,BATCH_017_CH07,5.489608,76.59,5.0,71.26
BATCH_017,JOB_1016,2025-09-12T01:57:47,Resin_A,100.0,30.0,manual,0.197,48.584,1.84,BATCH_017_CH08,5.663495,76.36,5.0,71.61
BATCH_017,JOB_1016,2025-09-12T01:57:47,Resin_A,100.0,30.0,manual,0.197,48.584,1.84,BATCH_017_CH09,4.769098,77.7,5.0,72.08
BATCH_017,JOB_1016,2025-09-12T01:57:47,Resin_A,100.0,30.0,manual,0.197,48.584,1.84,BATCH_017_CH10,5.225034,76.83,5.0,72.22
BATCH_018,JOB_1017,2025-09-13T01:57:47,Resin_A,100.0,60.0,auto,-0.141,45.991,3.847,BATCH_018_CH01,0.063045,76.73,5.0,72.9
BATCH_018,JOB_1017,2025-09-13T01:57:47,Resin_A,100.0,60.0,auto,-0.141,45.991,3.847,BATCH_018_CH02,0.068578,77.0,5.0,73.21
BATCH_018,JOB_1017,2025-09-13T01:57:47,Resin_A,100.0,60.0,auto,-0.141,45.991,3.847,BATCH_018_CH03,0.085926,76.02,5.0,71.1
BATCH_018,JOB_1017,2025-09-13T01:57:47,Resin_A,100.0,60.0,auto,-0.141,45.991,3.847,BATCH_018_CH04,0.065708,76.9,5.0,71.39
BATCH_018,JOB_1017,2025-09-13T01:57:47,Resin_A,100.0,60.0,auto,-0.141,45.991,3.847,BATCH_018_CH05,0.071497,77.03,5.0,72.06
BATCH_018,JOB_1017,2025-09-13T01:57:47,Resin_A,100.0,60.0,auto,-0.141,45.991,3.847,BATCH_018_CH06,0.075223,77.38,5.0,71.35
BATCH_018,JOB_1017,2025-09-13T01:57:47,Resin_A,100.0,60.0,auto,-0.141,45.991,3.847,BATCH_018_CH07,0.067401,76.77,5.0,72.29
BATCH_018,JOB_1017,2025-09-13T01:57:47,Resin_A,100.0,60.0,auto,-0.141,45.991,3.847,BATCH_018_CH08,0.071194,76.73,5.0,71.53
BATCH_018,JOB_1017,2025-09-13T01:57:47,Resin_A,100.0,60.0,auto,-0.141,45.991,3.847,BATCH_018_CH09,0.06912,77.11,5.0,74.12
BATCH_018,JOB_1017,2025-09-13T01:57:47,Resin_A,100.0,60.0,auto,-0.141,45.991,3.847,BATCH_018_CH10,0.071887,77.49,5.0,71.96
BATCH_019,JOB_1018,2025-09-14T01:57:47,Resin_C,20.0,0.0,auto,0.182,57.659,3.884,BATCH_019_CH01,0.915581,76.09,6.0,70.22
BATCH_019,JOB_1018,2025-09-14T01:57:47,Resin_C,20.0,0.0,auto,0.182,57.659,3.884,BATCH_019_CH02,0.982374,77.69,6.0,70.26
BATCH_019,JOB_1018,2025-09-14T01:57:47,Resin_C,20.0,0.0,auto,0.182,57.659,3.884,BATCH_019_CH03,1.047566,77.46,6.0,70.85
BATCH_019,JOB_1018,2025-09-14T01:57:47,Resin_C,20.0,0.0,auto,0.182,57.659,3.884,BATCH_019_CH04,0.917689,76.55,6.0,70.31
BATCH_019,JOB_1018,2025-09-14T01:57:47,Resin_C,20.0,0.0,auto,0.182,57.659,3.884,BATCH_019_CH05,0.902511,77.18,6.0,71.98
BATCH_019,JOB_1018,2025-09-14T01:57:47,Resin_C,20.0,0.0,auto,0.182,57.659,3.884,BATCH_019_CH06,0.928183,76.61,6.0,72.5
BATCH_019,JOB_1018,2025-09-14T01:57:47,Resin_C,20.0,0.0,auto,0.182,57.659,3.884,BATCH_019_CH07,1.054016,76.38,6.0,71.65
BATCH_019,JOB_1018,2025-09-14T01:57:47,Resin_C,20.0,0.0,auto,0.182,57.659,3.884,BATCH_019_CH08,1.102187,77.14,6.0,73.09
BATCH_019,JOB_1018,2025-09-14T01:57:47,Resin_C,20.0,0.0,auto,0.182,57.659,3.884,BATCH_019_CH09,0.997235,77.05,6.0,72.11
BATCH_019,JOB_1018,2025-09-14T01:57:47,Resin_C,20.0,0.0,auto,0.182,57.659,3.884,BATCH_019_CH10,1.01834,77.52,6.0,72.21
BATCH_020,JOB_1019,2025-09-15T01:57:47,Resin_A,20.0,0.0,manual,-1.29,50.025,3.972,BATCH_020_CH01,8.17621,76.85,6.0,72.88
BATCH_020,JOB_1019,2025-09-15T01:57:47,Resin_A,20.0,0.0,manual,-1.29,50.025,3.972,BATCH_020_CH02,8.740818,77.88,6.0,72.98
BATCH_020,JOB_1019,2025-09-15T01:57:47,Resin_A,20.0,0.0,manual,-1.29,50.025,3.972,BATCH_020_CH03,9.28976,76.89,6.0,70.84
BATCH_020,JOB_1019,2025-09-15T01:57:47,Resin_A,20.0,0.0,manual,-1.29,50.025,3.972,BATCH_020_CH04,11.112847,76.44,6.0,71.51
BATCH_020,JOB_1019,2025-09-15T01:57:47,Resin_A,20.0,0.0,manual,-1.29,50.025,3.972,BATCH_020_CH05,11.50205,77.35,6.0,72.64
BATCH_020,JOB_1019,2025-09-15T01:57:47,Resin_A,20.0,0.0,manual,-1.29,50.025,3.972,BATCH_020_CH06,9.518435,76.79,6.0,71.86
BATCH_020,JOB_1019,2025-09-15T01:57:47,Resin_A,20.0,0.0,manual,-1.29,50.025,3.972,BATCH_020_CH07,9.549898,76.24,6.0,72.0
BATCH_020,JOB_1019,2025-09-15T01:57:47,Resin_A,20.0,0.0,manual,-1.29,50.025,3.972,BATCH_020_CH08,10.216492,77.11,6.0,71.42
BATCH_020,JOB_1019,2025-09-15T01:57:47,Resin_A,20.0,0.0,manual,-1.29,50.025,3.972,BATCH_020_CH09,9.968113,77.08,6.0,72.32
BATCH_020,JOB_1019,2025-09-15T01:57:47,Resin_A,20.0,0.0,manual,-1.29,50.025,3.972,BATCH_020_CH10,10.88286,77.23,6.0,73.75
RUN_1761683981,,,Resin_A,47.826503111729316,0.0,auto,0.5451577063141684,57.21513820820634,3.0261984918334215,RUN_1761683981_CH01,34.43695677156348,73.0,5.0,75.0
RUN_1761683981,,,Resin_A,47.826503111729316,0.0,auto,0.5451577063141684,57.21513820820634,3.0261984918334215,RUN_1761683981_CH02,40.821511495886405,73.0,5.0,75.0
RUN_1761683981,,,Resin_A,47.826503111729316,0.0,auto,0.5451577063141684,57.21513820820634,3.0261984918334215,RUN_1761683981_CH03,35.45793740802161,73.0,5.0,75.0
RUN_1761683981,,,Resin_A,47.826503111729316,0.0,auto,0.5451577063141684,57.21513820820634,3.0261984918334215,RUN_1761683981_CH04,42.213469933243005,73.0,5.0,75.0
RUN_1761683981,,,Resin_A,47.826503111729316,0.0,auto,0.5451577063141684,57.21513820820634,3.0261984918334215,RUN_1761683981_CH05,40.92644029447335,73.0,5.0,75.0
RUN_1761683981,,,Resin_A,47.826503111729316,0.0,auto,0.5451577063141684,57.21513820820634,3.0261984918334215,RUN_1761683981_CH06,37.982227756343086,73.0,5.0,75.0
RUN_1761683981,,,Resin_A,47.826503111729316,0.0,auto,0.5451577063141684,57.21513820820634,3.0261984918334215,RUN_1761683981_CH07,32.927786788740995,73.0,5.0,75.0
RUN_1761683981,,,Resin_A,47.826503111729316,0.0,auto,0.5451577063141684,57.21513820820634,3.0261984918334215,RUN_1761683981_CH08,39.07928458947711,73.0,5.0,75.0
RUN_1761683981,,,Resin_A,47.826503111729316,0.0,auto,0.5451577063141684,57.21513820820634,3.0261984918334215,RUN_1761683981_CH09,34.976333928951114,73.0,5.0,75.0
RUN_1761683981,,,Resin_A,47.826503111729316,0.0,auto,0.5451577063141684,57.21513820820634,3.0261984918334215,RUN_1761683981_CH10,37.4930056946524,73.0,5.0,75.0
RUN_1761684010,,,Resin_A,45.33553030535335,0.0,auto,2.0,60.0,4.0,RUN_1761684010_CH01,113.88512618100572,73.0,5.0,75.0
RUN_1761684010,,,Resin_A,45.33553030535335,0.0,auto,2.0,60.0,4.0,RUN_1761684010_CH02,89.96986955891104,73.0,5.0,75.0
RUN_1761684010,,,Resin_A,45.33553030535335,0.0,auto,2.0,60.0,4.0,RUN_1761684010_CH03,102.46449303959332,73.0,5.0,75.0
RUN_1761684010,,,Resin_A,45.33553030535335,0.0,auto,2.0,60.0,4.0,RUN_1761684010_CH04,101.1194210658434,73.0,5.0,75.0
RUN_1761684010,,,Resin_A,45.33553030535335,0.0,auto,2.0,60.0,4.0,RUN_1761684010_CH05,93.20786600652792,73.0,5.0,75.0
RUN_1761684010,,,Resin_A,45.33553030535335,0.0,auto,2.0,60.0,4.0,RUN_1761684010_CH06,104.60220628943547,73.0,5.0,75.0
RUN_1761684010,,,Resin_A,45.33553030535335,0.0,auto,2.0,60.0,4.0,RUN_1761684010_CH07,103.03880560395979,73.0,5.0,75.0
RUN_1761684010,,,Resin_A,45.33553030535335,0.0,auto,2.0,60.0,4.0,RUN_1761684010_CH08,107.68801749748452,73.0,5.0,75.0
RUN_1761684010,,,Resin_A,45.33553030535335,0.0,auto,2.0,60.0,4.0,RUN_1761684010_CH09,94.64221931654197,73.0,5.0,75.0
RUN_1761684010,,,Resin_A,45.33553030535335,0.0,auto,2.0,60.0,4.0,RUN_1761684010_CH10,108.2183071999521,73.0,5.0,75.0
RUN_1761684041,,,Resin_A,33.333441695660994,5.34484910983132,auto,1.4308203422658883,43.682940109419846,3.1977337727021493,RUN_1761684041_CH01,52.57383975741314,73.0,5.0,75.0
RUN_1761684041,,,Resin_A,33.333441695660994,5.34484910983132,auto,1.4308203422658883,43.682940109419846,3.1977337727021493,RUN_1761684041_CH02,54.71880647294926,73.0,5.0,75.0
RUN_1761684041,,,Resin_A,33.333441695660994,5.34484910983132,auto,1.4308203422658883,43.682940109419846,3.1977337727021493,RUN_1761684041_CH03,59.57667821720077,73.0,5.0,75.0
RUN_1761684041,,,Resin_A,33.333441695660994,5.34484910983132,auto,1.4308203422658883,43.682940109419846,3.1977337727021493,RUN_1761684041_CH04,60.06194159993704,73.0,5.0,75.0
RUN_1761684041,,,Resin_A,33.333441695660994,5.34484910983132,auto,1.4308203422658883,43.682940109419846,3.1977337727021493,RUN_1761684041_CH05,60.567548066307324,73.0,5.0,75.0
RUN_1761684041,,,Resin_A,33.333441695660994,5.34484910983132,auto,1.4308203422658883,43.682940109419846,3.1977337727021493,RUN_1761684041_CH06,58.097661131168245,73.0,5.0,75.0
RUN_1761684041,,,Resin_A,33.333441695660994,5.34484910983132,auto,1.4308203422658883,43.682940109419846,3.1977337727021493,RUN_1761684041_CH07,61.29999857766663,73.0,5.0,75.0
RUN_1761684041,,,Resin_A,33.333441695660994,5.34484910983132,auto,1.4308203422658883,43.682940109419846,3.1977337727021493,RUN_1761684041_CH08,52.1515149917155,73.0,5.0,75.0
RUN_1761684041,,,Resin_A,33.333441695660994,5.34484910983132,auto,1.4308203422658883,43.682940109419846,3.1977337727021493,RUN_1761684041_CH09,63.440476046546664,73.0,5.0,75.0
RUN_1761684041,,,Resin_A,33.333441695660994,5.34484910983132,auto,1.4308203422658883,43.682940109419846,3.1977337727021493,RUN_1761684041_CH10,69.5140629157918,73.0,5.0,75.0
RUN_1761684071,,,Resin_A,41.324831653403464,0.14566466126507233,auto,2.0,60.0,4.0,RUN_1761684071_CH01,114.86470655897917,73.0,5.0,75.0
RUN_1761684071,,,Resin_A,41.324831653403464,0.14566466126507233,auto,2.0,60.0,4.0,RUN_1761684071_CH02,104.89062844873902,73.0,5.0,75.0
RUN_1761684071,,,Resin_A,41.324831653403464,0.14566466126507233,auto,2.0,60.0,4.0,RUN_1761684071_CH03,115.66265656572577,73.0,5.0,75.0
RUN_1761684071,,,Resin_A,41.324831653403464,0.14566466126507233,auto,2.0,60.0,4.0,RUN_1761684071_CH04,95.93857716303263,73.0,5.0,75.0
RUN_1761684071,,,Resin_A,41.324831653403464,0.14566466126507233,auto,2.0,60.0,4.0,RUN_1761684071_CH05,90.57686211145989,73.0,5.0,75.0
RUN_1761684071,,,Resin_A,41.324831653403464,0.14566466126507233,auto,2.0,60.0,4.0,RUN_1761684071_CH06,95.29773135059936,73.0,5.0,75.0
RUN_1761684071,,,Resin_A,41.324831653403464,0.14566466126507233,auto,2.0,60.0,4.0,RUN_1761684071_CH07,97.49133395962292,73.0,5.0,75.0
RUN_1761684071,,,Resin_A,41.324831653403464,0.14566466126507233,auto,2.0,60.0,4.0,RUN_1761684071_CH08,127.07775221459652,73.0,5.0,75.0
RUN_1761684071,,,Resin_A,41.324831653403464,0.14566466126507233,auto,2.0,60.0,4.0,RUN_1761684071_CH09,103.18186573444643,73.0,5.0,75.0
RUN_1761684071,,,Resin_A,41.324831653403464,0.14566466126507233,auto,2.0,60.0,4.0,RUN_1761684071_CH10,87.6921069699929,73.0,5.0,75.0
RUN_1761684102,,,Resin_A,33.50148803103392,5.367934150371535,auto,1.4241017007699306,43.611757115092765,3.2121753681133187,RUN_1761684102_CH01,63.861637905690074,73.0,5.0,75.0
RUN_1761684102,,,Resin_A,33.50148803103392,5.367934150371535,auto,1.4241017007699306,43.611757115092765,3.2121753681133187,RUN_1761684102_CH02,55.16497159051551,73.0,5.0,75.0
RUN_1761684102,,,Resin_A,33.50148803103392,5.367934150371535,auto,1.4241017007699306,43.611757115092765,3.2121753681133187,RUN_1761684102_CH03,58.24124133594047,73.0,5.0,75.0
RUN_1761684102,,,Resin_A,33.50148803103392,5.367934150371535,auto,1.4241017007699306,43.611757115092765,3.2121753681133187,RUN_1761684102_CH04,56.44272047423761,73.0,5.0,75.0
RUN_1761684102,,,Resin_A,33.50148803103392,5.367934150371535,auto,1.4241017007699306,43.611757115092765,3.2121753681133187,RUN_1761684102_CH05,72.93326646352361,73.0,5.0,75.0
RUN_1761684102,,,Resin_A,33.50148803103392,5.367934150371535,auto,1.4241017007699306,43.611757115092765,3.2121753681133187,RUN_1761684102_CH06,59.927400724769214,73.0,5.0,75.0
RUN_1761684102,,,Resin_A,33.50148803103392,5.367934150371535,auto,1.4241017007699306,43.611757115092765,3.2121753681133187,RUN_1761684102_CH07,66.2853696939219,73.0,5.0,75.0
RUN_1761684102,,,Resin_A,33.50148803103392,5.367934150371535,auto,1.4241017007699306,43.611757115092765,3.2121753681133187,RUN_1761684102_CH08,66.69901932891474,73.0,5.0,75.0
RUN_1761684102,,,Resin_A,33.50148803103392,5.367934150371535,auto,1.4241017007699306,43.611757115092765,3.2121753681133187,RUN_1761684102_CH09,55.73570142860639,73.0,5.0,75.0
RUN_1761684102,,,Resin_A,33.50148803103392,5.367934150371535,auto,1.4241017007699306,43.611757115092765,3.2121753681133187,RUN_1761684102_CH10,62.60572975518308,73.0,5.0,75.0
RUN_1761684130,,,Resin_A,32.08871910383853,5.543270746646384,auto,1.0652061687652794,43.58797618787865,3.074922343127256,RUN_1761684130_CH01,48.893050260281996,73.0,5.0,75.0
RUN_1761684130,,,Resin_A,32.08871910383853,5.543270746646384,auto,1.0652061687652794,43.58797618787865,3.074922343127256,RUN_1761684130_CH02,48.54685886945639,73.0,5.0,75.0
RUN_1761684130,,,Resin_A,32.08871910383853,5.543270746646384,auto,1.0652061687652794,43.58797618787865,3.074922343127256,RUN_1761684130_CH03,48.309242843543274,73.0,5.0,75.0
RUN_1761684130,,,Resin_A,32.08871910383853,5.543270746646384,auto,1.0652061687652794,43.58797618787865,3.074922343127256,RUN_1761684130_CH04,56.43398971424355,73.0,5.0,75.0
RUN_1761684130,,,Resin_A,32.08871910383853,5.543270746646384,auto,1.0652061687652794,43.58797618787865,3.074922343127256,RUN_1761684130_CH05,54.57240322627753,73.0,5.0,75.0
RUN_1761684130,,,Resin_A,32.08871910383853,5.543270746646384,auto,1.0652061687652794,43.58797618787865,3.074922343127256,RUN_1761684130_CH06,42.523639604958284,73.0,5.0,75.0
RUN_1761684130,,,Resin_A,32.08871910383853,5.543270746646384,auto,1.0652061687652794,43.58797618787865,3.074922343127256,RUN_1761684130_CH07,54.60706022313877,73.0,5.0,75.0
RUN_1761684130,,,Resin_A,32.08871910383853,5.543270746646384,auto,1.0652061687652794,43.58797618787865,3.074922343127256,RUN_1761684130_CH08,41.88303644428612,73.0,5.0,75.0
RUN_1761684130,,,Resin_A,32.08871910383853,5.543270746646384,auto,1.0652061687652794,43.58797618787865,3.074922343127256,RUN_1761684130_CH09,44.04221806287013,73.0,5.0,75.0
RUN_1761684130,,,Resin_A,32.08871910383853,5.543270746646384,auto,1.0652061687652794,43.58797618787865,3.074922343127256,RUN_1761684130_CH10,52.05599511711799,73.0,5.0,75.0
RUN_1761684157,,,Resin_A,44.90082062185081,0.0,auto,1.6807812773674442,55.92505105193758,2.402006279778597,RUN_1761684157_CH01,13.553729640161196,73.0,5.0,75.0
RUN_1761684157,,,Resin_A,44.90082062185081,0.0,auto,1.6807812773674442,55.92505105193758,2.402006279778597,RUN_1761684157_CH02,15.818365763366286,73.0,5.0,75.0
RUN_1761684157,,,Resin_A,44.90082062185081,0.0,auto,1.6807812773674442,55.92505105193758,2.402006279778597,RUN_1761684157_CH03,15.835206601632144,73.0,5.0,75.0
RUN_1761684157,,,Resin_A,44.90082062185081,0.0,auto,1.6807812773674442,55.92505105193758,2.402006279778597,RUN_1761684157_CH04,14.481052176991648,73.0,5.0,75.0
RUN_1761684157,,,Resin_A,44.90082062185081,0.0,auto,1.6807812773674442,55.92505105193758,2.402006279778597,RUN_1761684157_CH05,15.138714400924506,73.0,5.0,75.0
RUN_1761684157,,,Resin_A,44.90082062185081,0.0,auto,1.6807812773674442,55.92505105193758,2.402006279778597,RUN_1761684157_CH06,14.826799846313227,73.0,5.0,75.0
RUN_1761684157,,,Resin_A,44.90082062185081,0.0,auto,1.6807812773674442,55.92505105193758,2.402006279778597,RUN_1761684157_CH07,13.17550285602588,73.0,5.0,75.0
RUN_1761684157,,,Resin_A,44.90082062185081,0.0,auto,1.6807812773674442,55.92505105193758,2.402006279778597,RUN_1761684157_CH08,12.444043393694244,73.0,5.0,75.0
RUN_1761684157,,,Resin_A,44.90082062185081,0.0,auto,1.6807812773674442,55.92505105193758,2.402006279778597,RUN_1761684157_CH09,15.967726018329266,73.0,5.0,75.0
RUN_1761684157,,,Resin_A,44.90082062185081,0.0,auto,1.6807812773674442,55.92505105193758,2.402006279778597,RUN_1761684157_CH10,15.088098164879558,73.0,5.0,75.0
RUN_1761684189,,,Resin_A,35.16960437080872,4.993260400889478,auto,1.512903232452109,44.01927566953946,3.2490221278311315,RUN_1761684189_CH01,64.1082326945793,73.0,5.0,75.0
RUN_1761684189,,,Resin_A,35.16960437080872,4.993260400889478,auto,1.512903232452109,44.01927566953946,3.2490221278311315,RUN_1761684189_CH02,53.89076883122698,73.0,5.0,75.0
RUN_1761684189,,,Resin_A,35.16960437080872,4.993260400889478,auto,1.512903232452109,44.01927566953946,3.2490221278311315,RUN_1761684189_CH03,67.29262490197162,73.0,5.0,75.0
RUN_1761684189,,,Resin_A,35.16960437080872,4.993260400889478,auto,1.512903232452109,44.01927566953946,3.2490221278311315,RUN_1761684189_CH04,79.03145582668448,73.0,5.0,75.0
RUN_1761684189,,,Resin_A,35.16960437080872,4.993260400889478,auto,1.512903232452109,44.01927566953946,3.2490221278311315,RUN_1761684189_CH05,61.80959134822593,73.0,5.0,75.0
RUN_1761684189,,,Resin_A,35.16960437080872,4.993260400889478,auto,1.512903232452109,44.01927566953946,3.2490221278311315,RUN_1761684189_CH06,55.806957982796845,73.0,5.0,75.0
RUN_1761684189,,,Resin_A,35.16960437080872,4.993260400889478,auto,1.512903232452109,44.01927566953946,3.2490221278311315,RUN_1761684189_CH07,59.55283004600888,73.0,5.0,75.0
RUN_1761684189,,,Resin_A,35.16960437080872,4.993260400889478,auto,1.512903232452109,44.01927566953946,3.2490221278311315,RUN_1761684189_CH08,55.82990522535294,73.0,5.0,75.0
RUN_1761684189,,,Resin_A,35.16960437080872,4.993260400889478,auto,1.512903232452109,44.01927566953946,3.2490221278311315,RUN_1761684189_CH09,66.08985993985007,73.0,5.0,75.0
RUN_1761684189,,,Resin_A,35.16960437080872,4.993260400889478,auto,1.512903232452109,44.01927566953946,3.2490221278311315,RUN_1761684189_CH10,61.739545412585535,73.0,5.0,75.0
RUN_1761684217,,,Resin_A,33.48745527748651,5.202261366521355,auto,1.304961613416247,43.38834547090358,3.088204509045963,RUN_1761684217_CH01,40.44887541207487,73.0,5.0,75.0
RUN_1761684217,,,Resin_A,33.48745527748651,5.202261366521355,auto,1.304961613416247,43.38834547090358,3.088204509045963,RUN_1761684217_CH02,53.76032430831679,73.0,5.0,75.0
RUN_1761684217,,,Resin_A,33.48745527748651,5.202261366521355,auto,1.304961613416247,43.38834547090358,3.088204509045963,RUN_1761684217_CH03,57.32415756920544,73.0,5.0,75.0
RUN_1761684217,,,Resin_A,33.48745527748651,5.202261366521355,auto,1.304961613416247,43.38834547090358,3.088204509045963,RUN_1761684217_CH04,53.08586284887729,73.0,5.0,75.0
RUN_1761684217,,,Resin_A,33.48745527748651,5.202261366521355,auto,1.304961613416247,43.38834547090358,3.088204509045963,RUN_1761684217_CH05,47.723938874140885,73.0,5.0,75.0
RUN_1761684217,,,Resin_A,33.48745527748651,5.202261366521355,auto,1.304961613416247,43.38834547090358,3.088204509045963,RUN_1761684217_CH06,50.92927915206553,73.0,5.0,75.0
RUN_1761684217,,,Resin_A,33.48745527748651,5.202261366521355,auto,1.304961613416247,43.38834547090358,3.088204509045963,RUN_1761684217_CH07,45.5598475819084,73.0,5.0,75.0
RUN_1761684217,,,Resin_A,33.48745527748651,5.202261366521355,auto,1.304961613416247,43.38834547090358,3.088204509045963,RUN_1761684217_CH08,50.63990420501804,73.0,5.0,75.0
RUN_1761684217,,,Resin_A,33.48745527748651,5.202261366521355,auto,1.304961613416247,43.38834547090358,3.088204509045963,RUN_1761684217_CH09,46.75356165765904,73.0,5.0,75.0
RUN_1761684217,,,Resin_A,33.48745527748651,5.202261366521355,auto,1.304961613416247,43.38834547090358,3.088204509045963,RUN_1761684217_CH10,52.37919250574387,73.0,5.0,75.0
RUN_1761684248,,,Resin_A,54.059884173714835,0.0,auto,-0.08987733481235641,55.63078134263801,3.1356835759509782,RUN_1761684248_CH01,48.573329646413434,73.0,5.0,75.0
RUN_1761684248,,,Resin_A,54.059884173714835,0.0,auto,-0.08987733481235641,55.63078134263801,3.1356835759509782,RUN_1761684248_CH02,40.54982988738049,73.0,5.0,75.0
RUN_1761684248,,,Resin_A,54.059884173714835,0.0,auto,-0.08987733481235641,55.63078134263801,3.1356835759509782,RUN_1761684248_CH03,42.83556231851318,73.0,5.0,75.0
RUN_1761684248,,,Resin_A,54.059884173714835,0.0,auto,-0.08987733481235641,55.63078134263801,3.1356835759509782,RUN_1761684248_CH04,49.860173907630355,73.0,5.0,75.0
RUN_1761684248,,,Resin_A,54.059884173714835,0.0,auto,-0.08987733481235641,55.63078134263801,3.1356835759509782,RUN_1761684248_CH05,45.21710348519593,73.0,5.0,75.0
RUN_1761684248,,,Resin_A,54.059884173714835,0.0,auto,-0.08987733481235641,55.63078134263801,3.1356835759509782,RUN_1761684248_CH06,42.93057565600582,73.0,5.0,75.0
RUN_1761684248,,,Resin_A,54.059884173714835,0.0,auto,-0.08987733481235641,55.63078134263801,3.1356835759509782,RUN_1761684248_CH07,43.52383531886409,73.0,5.0,75.0
RUN_1761684248,,,Resin_A,54.059884173714835,0.0,auto,-0.08987733481235641,55.63078134263801,3.1356835759509782,RUN_1761684248_CH08,36.67566935405459,73.0,5.0,75.0
RUN_1761684248,,,Resin_A,54.059884173714835,0.0,auto,-0.08987733481235641,55.63078134263801,3.1356835759509782,RUN_1761684248_CH09,45.930003658258464,73.0,5.0,75.0
RUN_1761684248,,,Resin_A,54.059884173714835,0.0,auto,-0.08987733481235641,55.63078134263801,3.1356835759509782,RUN_1761684248_CH10,43.06337020050219,73.0,5.0,75.0
RUN_1761684281,,,Resin_A,60.733867600260574,0.0,auto,1.9570914651536129,59.98663812194135,2.6525331493314654,RUN_1761684281_CH01,17.78352328093563,73.0,5.0,75.0
RUN_1761684281,,,Resin_A,60.733867600260574,0.0,auto,1.9570914651536129,59.98663812194135,2.6525331493314654,RUN_1761684281_CH02,20.083496803363996,73.0,5.0,75.0
RUN_1761684281,,,Resin_A,60.733867600260574,0.0,auto,1.9570914651536129,59.98663812194135,2.6525331493314654,RUN_1761684281_CH03,22.56957143776904,73.0,5.0,75.0
RUN_1761684281,,,Resin_A,60.733867600260574,0.0,auto,1.9570914651536129,59.98663812194135,2.6525331493314654,RUN_1761684281_CH04,17.723761485059615,73.0,5.0,75.0
RUN_1761684281,,,Resin_A,60.733867600260574,0.0,auto,1.9570914651536129,59.98663812194135,2.6525331493314654,RUN_1761684281_CH05,17.452812432488358,73.0,5.0,75.0
RUN_1761684281,,,Resin_A,60.733867600260574,0.0,auto,1.9570914651536129,59.98663812194135,2.6525331493314654,RUN_1761684281_CH06,21.851841480617882,73.0,5.0,75.0
RUN_1761684281,,,Resin_A,60.733867600260574,0.0,auto,1.9570914651536129,59.98663812194135,2.6525331493314654,RUN_1761684281_CH07,16.354282562585205,73.0,5.0,75.0
RUN_1761684281,,,Resin_A,60.733867600260574,0.0,auto,1.9570914651536129,59.98663812194135,2.6525331493314654,RUN_1761684281_CH08,22.787554163711896,73.0,5.0,75.0
RUN_1761684281,,,Resin_A,60.733867600260574,0.0,auto,1.9570914651536129,59.98663812194135,2.6525331493314654,RUN_1761684281_CH09,21.03290644824114,73.0,5.0,75.0
RUN_1761684281,,,Resin_A,60.733867600260574,0.0,auto,1.9570914651536129,59.98663812194135,2.6525331493314654,RUN_1761684281_CH10,17.11308609359377,73.0,5.0,75.0
RUN_1761684311,,,Resin_A,32.12537830449571,5.612281248810123,auto,1.359395359009495,44.412201265295266,3.1689966384345447,RUN_1761684311_CH01,66.8404261234145,73.0,5.0,75.0
RUN_1761684311,,,Resin_A,32.12537830449571,5.612281248810123,auto,1.359395359009495,44.412201265295266,3.1689966384345447,RUN_1761684311_CH02,57.277132074669765,73.0,5.0,75.0
RUN_1761684311,,,Resin_A,32.12537830449571,5.612281248810123,auto,1.359395359009495,44.412201265295266,3.1689966384345447,RUN_1761684311_CH03,55.197983499533805,73.0,5.0,75.0
RUN_1761684311,,,Resin_A,32.12537830449571,5.612281248810123,auto,1.359395359009495,44.412201265295266,3.1689966384345447,RUN_1761684311_CH04,58.59589973079469,73.0,5.0,75.0
RUN_1761684311,,,Resin_A,32.12537830449571,5.612281248810123,auto,1.359395359009495,44.412201265295266,3.1689966384345447,RUN_1761684311_CH05,49.11146363698439,73.0,5.0,75.0
RUN_1761684311,,,Resin_A,32.12537830449571,5.612281248810123,auto,1.359395359009495,44.412201265295266,3.1689966384345447,RUN_1761684311_CH06,57.77351293106524,73.0,5.0,75.0
RUN_1761684311,,,Resin_A,32.12537830449571,5.612281248810123,auto,1.359395359009495,44.412201265295266,3.1689966384345447,RUN_1761684311_CH07,60.004488428985304,73.0,5.0,75.0
RUN_1761684311,,,Resin_A,32.12537830449571,5.612281248810123,auto,1.359395359009495,44.412201265295266,3.1689966384345447,RUN_1761684311_CH08,65.07556084797395,73.0,5.0,75.0
RUN_1761684311,,,Resin_A,32.12537830449571,5.612281248810123,auto,1.359395359009495,44.412201265295266,3.1689966384345447,RUN_1761684311_CH09,57.50379443413592,73.0,5.0,75.0
RUN_1761684311,,,Resin_A,32.12537830449571,5.612281248810123,auto,1.359395359009495,44.412201265295266,3.1689966384345447,RUN_1761684311_CH10,57.02541173499683,73.0,5.0,75.0
RUN_1761684340,,,Resin_A,32.633267017605874,5.292244363130469,auto,1.1958478160418213,44.59775841524145,2.93016628517374,RUN_1761684340_CH01,38.72655402128978,73.0,5.0,75.0
RUN_1761684340,,,Resin_A,32.633267017605874,5.292244363130469,auto,1.1958478160418213,44.59775841524145,2.93016628517374,RUN_1761684340_CH02,37.30593375520928,73.0,5.0,75.0
RUN_1761684340,,,Resin_A,32.633267017605874,5.292244363130469,auto,1.1958478160418213,44.59775841524145,2.93016628517374,RUN_1761684340_CH03,40.29652750633081,73.0,5.0,75.0
RUN_1761684340,,,Resin_A,32.633267017605874,5.292244363130469,auto,1.1958478160418213,44.59775841524145,2.93016628517374,RUN_1761684340_CH04,34.56910912478626,73.0,5.0,75.0
RUN_1761684340,,,Resin_A,32.633267017605874,5.292244363130469,auto,1.1958478160418213,44.59775841524145,2.93016628517374,RUN_1761684340_CH05,35.33613571487408,73.0,5.0,75.0
RUN_1761684340,,,Resin_A,32.633267017605874,5.292244363130469,auto,1.1958478160418213,44.59775841524145,2.93016628517374,RUN_1761684340_CH06,30.385057458014515,73.0,5.0,75.0
RUN_1761684340,,,Resin_A,32.633267017605874,5.292244363130469,auto,1.1958478160418213,44.59775841524145,2.93016628517374,RUN_1761684340_CH07,40.052910148667976,73.0,5.0,75.0
RUN_1761684340,,,Resin_A,32.633267017605874,5.292244363130469,auto,1.1958478160418213,44.59775841524145,2.93016628517374,RUN_1761684340_CH08,38.89413612768975,73.0,5.0,75.0
RUN_1761684340,,,Resin_A,32.633267017605874,5.292244363130469,auto,1.1958478160418213,44.59775841524145,2.93016628517374,RUN_1761684340_CH09,42.31869952657439,73.0,5.0,75.0
RUN_1761684340,,,Resin_A,32.633267017605874,5.292244363130469,auto,1.1958478160418213,44.59775841524145,2.93016628517374,RUN_1761684340_CH10,39.3657575274246,73.0,5.0,75.0
RUN_1761684368,,,Resin_A,32.47956162689621,5.227525095137952,auto,1.4647045830997407,44.04460046972835,3.1242177333881367,RUN_1761684368_CH01,44.78002860515329,73.0,5.0,75.0
RUN_1761684368,,,Resin_A,32.47956162689621,5.227525095137952,auto,1.4647045830997407,44.04460046972835,3.1242177333881367,RUN_1761684368_CH02,51.607564975673895,73.0,5.0,75.0
RUN_1761684368,,,Resin_A,32.47956162689621,5.227525095137952,auto,1.4647045830997407,44.04460046972835,3.1242177333881367,RUN_1761684368_CH03,51.200567991563275,73.0,5.0,75.0
RUN_1761684368,,,Resin_A,32.47956162689621,5.227525095137952,auto,1.4647045830997407,44.04460046972835,3.1242177333881367,RUN_1761684368_CH04,59.49925819303635,73.0,5.0,75.0
RUN_1761684368,,,Resin_A,32.47956162689621,5.227525095137952,auto,1.4647045830997407,44.04460046972835,3.1242177333881367,RUN_1761684368_CH05,50.55252786889186,73.0,5.0,75.0
RUN_1761684368,,,Resin_A,32.47956162689621,5.227525095137952,auto,1.4647045830997407,44.04460046972835,3.1242177333881367,RUN_1761684368_CH06,58.15170280850475,73.0,5.0,75.0
RUN_1761684368,,,Resin_A,32.47956162689621,5.227525095137952,auto,1.4647045830997407,44.04460046972835,3.1242177333881367,RUN_1761684368_CH07,60.56775738962274,73.0,5.0,75.0
RUN_1761684368,,,Resin_A,32.47956162689621,5.227525095137952,auto,1.4647045830997407,44.04460046972835,3.1242177333881367,RUN_1761684368_CH08,53.87486038711372,73.0,5.0,75.0
RUN_1761684368,,,Resin_A,32.47956162689621,5.227525095137952,auto,1.4647045830997407,44.04460046972835,3.1242177333881367,RUN_1761684368_CH09,53.27713301550349,73.0,5.0,75.0
RUN_1761684368,,,Resin_A,32.47956162689621,5.227525095137952,auto,1.4647045830997407,44.04460046972835,3.1242177333881367,RUN_1761684368_CH10,52.32877068984211,73.0,5.0,75.0
RUN_1761684396,,,Resin_A,32.47956162689621,5.227525095137952,auto,1.4647045830997407,44.04460046972835,3.1242177333881367,RUN_1761684396_CH01,57.11577302414154,73.0,5.0,75.0
RUN_1761684396,,,Resin_A,32.47956162689621,5.227525095137952,auto,1.4647045830997407,44.04460046972835,3.1242177333881367,RUN_1761684396_CH02,58.62573823302819,73.0,5.0,75.0
RUN_1761684396,,,Resin_A,32.47956162689621,5.227525095137952,auto,1.4647045830997407,44.04460046972835,3.1242177333881367,RUN_1761684396_CH03,57.290364104535534,73.0,5.0,75.0
RUN_1761684396,,,Resin_A,32.47956162689621,5.227525095137952,auto,1.4647045830997407,44.04460046972835,3.1242177333881367,RUN_1761684396_CH04,52.247635174167335,73.0,5.0,75.0
RUN_1761684396,,,Resin_A,32.47956162689621,5.227525095137952,auto,1.4647045830997407,44.04460046972835,3.1242177333881367,RUN_1761684396_CH05,55.83857296956417,73.0,5.0,75.0
RUN_1761684396,,,Resin_A,32.47956162689621,5.227525095137952,auto,1.4647045830997407,44.04460046972835,3.1242177333881367,RUN_1761684396_CH06,53.97695537160989,73.0,5.0,75.0
RUN_1761684396,,,Resin_A,32.47956162689621,5.227525095137952,auto,1.4647045830997407,44.04460046972835,3.1242177333881367,RUN_1761684396_CH07,49.38524785164095,73.0,5.0,75.0
RUN_1761684396,,,Resin_A,32.47956162689621,5.227525095137952,auto,1.4647045830997407,44.04460046972835,3.1242177333881367,RUN_1761684396_CH08,53.65435461206595,73.0,5.0,75.0
RUN_1761684396,,,Resin_A,32.47956162689621,5.227525095137952,auto,1.4647045830997407,44.04460046972835,3.1242177333881367,RUN_1761684396_CH09,54.72936998400744,73.0,5.0,75.0
RUN_1761684396,,,Resin_A,32.47956162689621,5.227525095137952,auto,1.4647045830997407,44.04460046972835,3.1242177333881367,RUN_1761684396_CH10,41.15344649305229,73.0,5.0,75.0
