batch_id,print_job_id,channel_id,timestamp,resin_type,layer_thickness_um,orientation_deg,support_mode,fit_adjustment_pct,channel_length_mm,channel_diameter_mm,channel_width_mm,measured_flow_mL_per_min,pressure_drop_kPa
BATCH_36,JOB_9322,CH_0001,2025-09-08T22:10:48,Resin_A,20,45,manual,0.387,32.292,0.75,2.567,0.9267258759735604,0.001529
BATCH_16,JOB_1189,CH_0002,2025-09-08T22:25:48,Resin_A,50,90,auto,-0.835,40.593,0.849,1.815,0.9270156342127556,0.001148
BATCH_4,JOB_9792,CH_0003,2025-09-08T22:40:48,Resin_B,100,60,auto,-1.814,40.377,0.926,0.793,0.9273375776897623,0.000911
BATCH_2,JOB_2021,CH_0004,2025-09-08T22:55:48,Resin_A,100,60,auto,-1.862,55.466,1.147,3.481,0.9289372924166823,0.000515
BATCH_48,JOB_8629,CH_0005,2025-09-08T23:10:48,Resin_B,50,90,manual,1.101,56.975,2.737,3.191,1.0157555958204785,1.6e-05
BATCH_7,JOB_3568,CH_0006,2025-09-08T23:25:48,Resin_C,50,0,auto,0.171,17.046,2.505,0.835,1.1174612798163674,7e-06
BATCH_41,JOB_4099,CH_0007,2025-09-08T23:40:48,Resin_A,100,45,auto,0.845,49.509,2.015,4.668,0.9638073010585068,4.6e-05
BATCH_14,JOB_4840,CH_0008,2025-09-08T23:55:48,Resin_A,100,90,manual,0.55,54.361,1.681,1.038,0.9412963690770374,0.000114
BATCH_39,JOB_8408,CH_0009,2025-09-09T00:10:48,Resin_A,50,45,auto,-0.29,11.271,0.77,0.641,0.9293194203753203,0.000555
BATCH_42,JOB_3693,CH_0010,2025-09-09T00:25:48,Resin_A,20,45,auto,1.771,39.943,2.237,4.462,0.9936538481679559,2.5e-05
BATCH_27,JOB_7776,CH_0011,2025-09-09T00:40:48,Resin_A,50,45,auto,-1.512,27.815,2.767,1.725,1.1858957907930643,7e-06
BATCH_24,JOB_4304,CH_0012,2025-09-09T00:55:48,Resin_B,20,90,auto,-0.922,22.206,0.921,1.484,0.9290661609063751,0.000484
BATCH_49,JOB_5737,CH_0013,2025-09-09T01:10:48,Resin_A,50,60,auto,0.785,45.614,0.87,4.99,0.9269402179967283,0.001234
BATCH_17,JOB_9958,CH_0014,2025-09-09T01:25:48,Resin_B,50,30,auto,-0.209,37.645,1.982,0.864,0.9675204690372643,4.1e-05
BATCH_3,JOB_1659,CH_0015,2025-09-09T01:40:48,Resin_B,50,45,manual,1.193,17.536,1.77,3.631,0.9812535583697973,3e-05
BATCH_25,JOB_6534,CH_0016,2025-09-09T01:55:48,Resin_C,100,60,manual,-0.41,35.888,2.594,3.541,1.0350416498732062,1.4e-05
BATCH_32,JOB_8158,CH_0017,2025-09-09T02:10:48,Resin_A,50,0,auto,-0.957,59.813,2.914,3.012,1.047445150907235,1.4e-05
BATCH_35,JOB_3557,CH_0018,2025-09-09T02:25:48,Resin_C,50,0,auto,-1.663,18.081,2.746,3.229,1.1962416184255584,6e-06
BATCH_14,JOB_5911,CH_0019,2025-09-09T02:40:48,Resin_C,50,30,auto,-0.206,59.723,0.94,0.581,0.9268588484682443,0.001309
BATCH_8,JOB_4354,CH_0020,2025-09-09T02:55:48,Resin_B,20,60,auto,0.545,22.523,1.975,4.905,1.0050873783264167,2.3e-05
BATCH_49,JOB_8679,CH_0021,2025-09-09T03:10:48,Resin_A,20,60,auto,1.457,21.509,1.748,3.074,0.9763206354691775,4e-05
BATCH_25,JOB_6854,CH_0022,2025-09-09T03:25:48,Resin_C,20,60,auto,-0.46,52.557,1.292,1.263,0.9312123642091418,0.000323
BATCH_17,JOB_9096,CH_0023,2025-09-09T03:40:48,Resin_C,50,30,auto,1.96,17.004,1.796,4.448,0.983892556562687,2.6e-05
BATCH_20,JOB_3368,CH_0024,2025-09-09T03:55:48,Resin_A,50,45,auto,0.446,14.08,0.513,3.326,0.9261187747512998,0.002974
BATCH_25,JOB_4769,CH_0025,2025-09-09T04:10:48,Resin_A,50,60,manual,-1.89,38.943,1.596,3.524,0.9424704014660447,9.8e-05
BATCH_4,JOB_5869,CH_0026,2025-09-09T04:25:48,Resin_A,50,45,auto,0.089,48.5,1.04,3.303,0.9285021039096056,0.000604
BATCH_17,JOB_9311,CH_0027,2025-09-09T04:40:48,Resin_B,100,45,auto,0.904,58.793,1.791,1.953,0.9431987689756334,8.4e-05
BATCH_48,JOB_4672,CH_0028,2025-09-09T04:55:48,Resin_A,20,0,auto,-1.767,55.761,1.606,1.579,0.9379686678312338,0.000138
BATCH_29,JOB_6188,CH_0029,2025-09-09T05:10:48,Resin_A,20,90,auto,-0.322,22.387,1.39,3.91,0.9444373449281549,0.000105
BATCH_10,JOB_3849,CH_0030,2025-09-09T05:25:48,Resin_A,50,30,auto,-0.106,18.66,1.585,2.293,0.9619741727558122,4.5e-05
BATCH_2,JOB_7303,CH_0031,2025-09-09T05:40:48,Resin_A,100,30,auto,0.158,44.198,2.04,4.748,0.9673180290840654,4e-05
BATCH_44,JOB_5380,CH_0032,2025-09-09T05:55:48,Resin_B,20,90,auto,1.766,29.305,2.903,4.574,1.1869551023499847,6e-06
BATCH_26,JOB_1417,CH_0033,2025-09-09T06:10:48,Resin_A,50,90,auto,0.732,13.559,1.297,4.302,0.9481685322673402,8e-05
BATCH_24,JOB_3786,CH_0034,2025-09-09T06:25:48,Resin_A,100,90,auto,-0.328,58.379,1.87,2.406,0.9451359823150155,8.4e-05
BATCH_13,JOB_3914,CH_0035,2025-09-09T06:40:48,Resin_A,50,0,manual,-0.637,56.538,2.646,2.43,1.0253060026054521,1.8e-05
BATCH_19,JOB_6486,CH_0036,2025-09-09T06:55:48,Resin_C,20,60,auto,1.622,14.564,1.298,4.775,0.9450705049878795,7.5e-05
BATCH_42,JOB_6305,CH_0037,2025-09-09T07:10:48,Resin_A,20,60,auto,1.009,49.579,2.474,0.91,1.0154009478419874,2.1e-05
BATCH_7,JOB_6293,CH_0038,2025-09-09T07:25:48,Resin_C,100,45,auto,-1.428,48.076,2.046,0.955,0.9598035321758221,4.6e-05
BATCH_1,JOB_2365,CH_0039,2025-09-09T07:40:48,Resin_A,50,45,manual,-1.675,14.242,2.967,2.184,1.5458782834212665,3e-06
BATCH_20,JOB_7619,CH_0040,2025-09-09T07:55:48,Resin_B,100,30,manual,-1.555,34.631,0.528,2.609,0.925773901683698,0.00751
BATCH_33,JOB_6029,CH_0041,2025-09-09T08:10:48,Resin_C,100,0,auto,-1.05,30.011,1.694,0.873,0.9517549543605405,6.4e-05
BATCH_18,JOB_7190,CH_0042,2025-09-09T08:25:48,Resin_B,100,90,auto,1.699,55.956,1.132,3.629,0.9282676381416525,0.000559
BATCH_32,JOB_6063,CH_0043,2025-09-09T08:40:48,Resin_B,100,0,auto,0.337,55.058,0.614,1.764,0.9257893065059849,0.005994
BATCH_17,JOB_6320,CH_0044,2025-09-09T08:55:48,Resin_A,50,30,auto,-0.936,28.017,1.15,2.54,0.9324915292720709,0.000247
BATCH_2,JOB_1009,CH_0045,2025-09-09T09:10:48,Resin_C,20,90,manual,1.29,57.49,2.314,3.26,0.9759605898814581,3.5e-05
BATCH_35,JOB_9702,CH_0046,2025-09-09T09:25:48,Resin_A,20,30,auto,1.88,52.106,2.596,2.609,1.0229514561414192,1.8e-05
BATCH_37,JOB_5809,CH_0047,2025-09-09T09:40:48,Resin_A,50,60,manual,1.999,59.832,1.889,3.96,0.948204507218973,7.4e-05
BATCH_8,JOB_1249,CH_0048,2025-09-09T09:55:48,Resin_A,100,90,auto,-1.085,43.585,2.045,2.112,0.9692581894725367,4e-05
BATCH_48,JOB_3814,CH_0049,2025-09-09T10:10:48,Resin_B,100,30,manual,0.208,38.047,2.692,2.316,1.0689844631232288,1.1e-05
BATCH_38,JOB_8648,CH_0050,2025-09-09T10:25:48,Resin_A,50,30,auto,-0.431,31.874,2.76,2.067,1.1403462228453822,9e-06
BATCH_20,JOB_5164,CH_0051,2025-09-09T10:40:48,Resin_A,100,30,manual,1.798,17.354,2.816,2.715,1.2951219660041537,4e-06
BATCH_4,JOB_9472,CH_0052,2025-09-09T10:55:48,Resin_B,100,45,auto,-0.16,39.238,1.501,3.64,0.9394268239930941,0.000133
BATCH_22,JOB_7981,CH_0053,2025-09-09T11:10:48,Resin_B,20,30,auto,-1.105,51.09,1.363,2.064,0.9328744133514952,0.000223
BATCH_30,JOB_3878,CH_0054,2025-09-09T11:25:48,Resin_A,50,30,auto,-1.843,49.971,2.07,0.868,0.9647234233802378,4.2e-05
BATCH_28,JOB_9150,CH_0055,2025-09-09T11:40:48,Resin_A,20,0,auto,1.945,36.83,2.81,1.563,1.1342555651471633,9e-06
BATCH_35,JOB_2906,CH_0056,2025-09-09T11:55:48,Resin_A,100,45,manual,0.047,36.606,0.768,2.513,0.9266322855289925,0.001597
BATCH_17,JOB_4596,CH_0057,2025-09-09T12:10:48,Resin_A,20,60,auto,-0.712,20.572,1.319,1.039,0.9450695803341467,0.000115
BATCH_41,JOB_3739,CH_0058,2025-09-09T12:25:48,Resin_B,100,60,auto,0.347,47.272,1.579,1.074,0.9392909090042655,0.000125
BATCH_48,JOB_7986,CH_0059,2025-09-09T12:40:48,Resin_B,100,90,auto,1.735,10.377,1.063,2.144,0.9372316550369908,0.000141
BATCH_26,JOB_7316,CH_0060,2025-09-09T12:55:48,Resin_A,50,0,auto,0.892,51.043,2.296,2.908,0.9871108070471862,3.1e-05
BATCH_38,JOB_2828,CH_0061,2025-09-09T13:10:48,Resin_A,50,60,auto,0.03,22.12,0.787,3.248,0.927623641868971,0.000889
BATCH_20,JOB_9512,CH_0062,2025-09-09T13:25:48,Resin_B,50,30,auto,0.194,37.446,1.004,3.581,0.9283411412809912,0.000547
BATCH_44,JOB_2908,CH_0063,2025-09-09T13:40:48,Resin_A,20,45,auto,0.424,49.714,0.767,4.328,0.9264379807066643,0.002152
BATCH_21,JOB_3898,CH_0064,2025-09-09T13:55:48,Resin_A,50,60,manual,-1.441,49.763,1.004,1.236,0.9278827225569827,0.000809
BATCH_38,JOB_6984,CH_0065,2025-09-09T14:10:48,Resin_B,20,90,auto,0.732,32.597,2.284,4.549,1.013171562142827,1.8e-05
BATCH_7,JOB_2202,CH_0066,2025-09-09T14:25:48,Resin_C,100,30,auto,1.626,41.212,0.792,4.729,0.9264903170189281,0.001621
BATCH_37,JOB_1950,CH_0067,2025-09-09T14:40:48,Resin_A,100,90,auto,0.966,38.658,2.994,3.886,1.134823644159923,8e-06
BATCH_15,JOB_4228,CH_0068,2025-09-09T14:55:48,Resin_B,50,0,auto,0.146,28.941,1.643,3.218,0.9499431204233668,6.4e-05
BATCH_20,JOB_7166,CH_0069,2025-09-09T15:10:48,Resin_B,20,30,auto,0.394,38.275,2.29,3.196,1.0057383801037338,2.1e-05
BATCH_4,JOB_4876,CH_0070,2025-09-09T15:25:48,Resin_B,50,30,auto,-1.928,53.606,2.83,3.043,1.0503581016819172,1.4e-05
BATCH_1,JOB_6732,CH_0071,2025-09-09T15:40:48,Resin_A,100,30,auto,-1.691,15.212,2.601,4.598,1.2510056568917145,5e-06
BATCH_25,JOB_2625,CH_0072,2025-09-09T15:55:48,Resin_A,20,90,auto,1.211,10.232,1.334,2.292,0.9629587194537685,5.6e-05
BATCH_24,JOB_2990,CH_0073,2025-09-09T16:10:48,Resin_A,50,45,manual,-0.191,21.23,1.631,1.134,0.9671300146400867,4.6e-05
BATCH_40,JOB_7704,CH_0074,2025-09-09T16:25:48,Resin_A,50,90,auto,1.902,32.949,1.893,4.373,0.9656020357340409,3.9e-05
BATCH_30,JOB_8311,CH_0075,2025-09-09T16:40:48,Resin_A,50,45,auto,1.592,20.257,0.977,0.664,0.9306248036987709,0.000375
BATCH_39,JOB_5873,CH_0076,2025-09-09T16:55:48,Resin_B,50,60,auto,-0.012,48.268,0.757,2.005,0.9262762255177075,0.002244
BATCH_23,JOB_9519,CH_0077,2025-09-09T17:10:48,Resin_B,20,60,manual,1.468,30.399,1.879,1.642,0.9693732428155717,3.7e-05
BATCH_37,JOB_7612,CH_0078,2025-09-09T17:25:48,Resin_B,100,30,manual,1.955,40.16,2.517,4.832,1.0184857384527415,1.6e-05
BATCH_18,JOB_9705,CH_0079,2025-09-09T17:40:48,Resin_A,50,30,auto,-1.168,11.327,0.954,3.124,0.9339274390850107,0.000212
BATCH_35,JOB_6619,CH_0080,2025-09-09T17:55:48,Resin_C,100,60,manual,-0.619,48.692,1.407,4.375,0.9331841313574737,0.000218
BATCH_17,JOB_3573,CH_0081,2025-09-09T18:10:48,Resin_B,20,30,auto,1.941,33.553,0.955,2.682,0.9283161619653728,0.000633
BATCH_6,JOB_6475,CH_0082,2025-09-09T18:25:48,Resin_A,50,45,auto,-1.471,55.029,2.228,3.574,0.9833326946697988,3.6e-05
BATCH_31,JOB_1645,CH_0083,2025-09-09T18:40:48,Resin_A,20,0,auto,0.881,15.329,0.85,1.687,0.9291843116116676,0.000482
BATCH_43,JOB_3866,CH_0084,2025-09-09T18:55:48,Resin_B,50,90,manual,-0.382,48.546,1.555,2.092,0.9380786333012663,0.000122
BATCH_34,JOB_5150,CH_0085,2025-09-09T19:10:48,Resin_B,20,90,manual,-0.251,55.776,2.304,3.247,0.9795269155595401,3.3e-05
BATCH_9,JOB_1153,CH_0086,2025-09-09T19:25:48,Resin_A,100,60,auto,1.366,52.32,2.888,1.196,1.0690034572417788,1.2e-05
BATCH_37,JOB_5203,CH_0087,2025-09-09T19:40:48,Resin_A,20,0,auto,0.754,31.741,1.116,4.186,0.930708432479725,0.000333
BATCH_16,JOB_9407,CH_0088,2025-09-09T19:55:48,Resin_A,100,45,manual,1.16,44.528,1.803,0.89,0.9531273591373113,7.1e-05
BATCH_26,JOB_9680,CH_0089,2025-09-09T20:10:48,Resin_B,20,90,auto,1.397,22.483,1.724,1.495,0.9675259805201049,3.8e-05
BATCH_31,JOB_6085,CH_0090,2025-09-09T20:25:48,Resin_B,50,90,manual,-1.23,15.764,1.554,4.079,0.9629297363419378,3.9e-05
BATCH_3,JOB_3983,CH_0091,2025-09-09T20:40:48,Resin_B,100,30,auto,0.601,28.235,1.902,2.665,0.9648870051019376,3.5e-05
BATCH_35,JOB_4241,CH_0092,2025-09-09T20:55:48,Resin_C,20,0,manual,0.081,31.341,2.692,2.379,1.0717749952096254,1e-05
BATCH_49,JOB_9436,CH_0093,2025-09-09T21:10:48,Resin_A,20,90,auto,1.73,13.501,0.524,0.737,0.9262869023076071,0.002734
BATCH_30,JOB_3033,CH_0094,2025-09-09T21:25:48,Resin_A,50,0,auto,0.09,46.614,0.508,2.603,0.925707230961104,0.010743
BATCH_37,JOB_5805,CH_0095,2025-09-09T21:40:48,Resin_A,20,0,manual,-1.82,15.473,1.479,1.06,0.9623580270384144,5.7e-05
BATCH_26,JOB_1936,CH_0096,2025-09-09T21:55:48,Resin_B,100,60,manual,-1.078,51.532,0.801,0.711,0.9263561875683421,0.001877
BATCH_42,JOB_3466,CH_0097,2025-09-09T22:10:48,Resin_B,50,90,auto,1.876,54.189,2.819,4.977,1.0460585665882467,1.3e-05
BATCH_41,JOB_8490,CH_0098,2025-09-09T22:25:48,Resin_C,50,90,auto,0.148,39.647,1.95,0.912,0.9615251098877994,4.2e-05
BATCH_34,JOB_8291,CH_0099,2025-09-09T22:40:48,Resin_B,100,0,manual,-1.858,26.453,2.829,3.808,1.1351725073589036,7e-06
BATCH_32,JOB_1317,CH_0100,2025-09-09T22:55:48,Resin_B,50,90,auto,0.733,13.807,2.628,2.728,1.255329920779056,5e-06
BATCH_48,JOB_2704,CH_0101,2025-09-09T23:10:48,Resin_C,50,45,manual,0.936,36.063,2.67,1.604,1.054852410757199,1.2e-05
BATCH_10,JOB_3719,CH_0102,2025-09-09T23:25:48,Resin_A,100,60,auto,1.523,53.592,0.573,4.216,0.9257635801794691,0.007692
BATCH_46,JOB_2136,CH_0103,2025-09-09T23:40:48,Resin_B,100,30,manual,1.329,35.373,0.516,1.792,0.9257366149080504,0.007787
BATCH_28,JOB_1571,CH_0104,2025-09-09T23:55:48,Resin_A,20,45,auto,-0.867,10.921,1.581,4.281,0.9986762575081524,2.6e-05
BATCH_17,JOB_9073,CH_0105,2025-09-10T00:10:48,Resin_B,50,60,auto,1.083,57.365,0.916,3.969,0.9267775700386502,0.001193
BATCH_33,JOB_8813,CH_0106,2025-09-10T00:25:48,Resin_C,50,90,auto,0.59,39.72,1.459,0.795,0.9360704858112414,0.000137
BATCH_41,JOB_1038,CH_0107,2025-09-10T00:40:48,Resin_C,100,30,auto,-1.364,33.427,2.861,0.96,1.1229082509781305,8e-06
BATCH_21,JOB_7446,CH_0108,2025-09-10T00:55:48,Resin_C,100,60,auto,-0.907,57.543,0.878,2.446,0.9265232674874152,0.001524
BATCH_35,JOB_4056,CH_0109,2025-09-10T01:10:48,Resin_B,50,45,auto,1.936,30.467,2.735,1.535,1.1087935848352435,9e-06
BATCH_3,JOB_1959,CH_0110,2025-09-10T01:25:48,Resin_B,50,0,manual,1.106,48.546,2.612,3.925,1.0260550860026108,1.6e-05
BATCH_20,JOB_2763,CH_0111,2025-09-10T01:40:48,Resin_C,50,45,auto,-0.152,10.062,1.996,3.233,1.0717997331131854,9e-06
BATCH_30,JOB_2389,CH_0112,2025-09-10T01:55:48,Resin_B,20,90,auto,-0.267,59.218,0.874,2.591,0.9266219776895971,0.001778
BATCH_41,JOB_7731,CH_0113,2025-09-10T02:10:48,Resin_B,100,90,manual,1.811,55.391,2.311,3.871,0.9797249235517439,3.2e-05
BATCH_26,JOB_1917,CH_0114,2025-09-10T02:25:48,Resin_B,50,60,auto,0.137,54.127,0.706,4.21,0.9260383845358825,0.003362
BATCH_3,JOB_1634,CH_0115,2025-09-10T02:40:48,Resin_C,50,30,manual,-1.199,18.374,0.761,3.364,0.9272821212405185,0.000913
BATCH_4,JOB_1021,CH_0116,2025-09-10T02:55:48,Resin_C,50,60,manual,-0.642,50.741,0.7,4.527,0.9259930355084762,0.003349
BATCH_45,JOB_2266,CH_0117,2025-09-10T03:10:48,Resin_B,20,60,manual,-1.673,13.018,1.118,1.218,0.9378985945651008,0.000141
BATCH_3,JOB_9946,CH_0118,2025-09-10T03:25:48,Resin_B,100,60,auto,0.877,21.423,2.991,4.887,1.282402757212134,4e-06
BATCH_37,JOB_4453,CH_0119,2025-09-10T03:40:48,Resin_A,100,0,manual,-1.303,58.039,1.54,4.308,0.9355793853604711,0.000163
BATCH_3,JOB_1529,CH_0120,2025-09-10T03:55:48,Resin_B,50,30,manual,0.62,59.607,1.21,2.116,0.9293806433842967,0.000457
BATCH_37,JOB_5648,CH_0121,2025-09-10T04:10:48,Resin_B,100,30,manual,1.636,18.984,1.094,4.871,0.9328844433392764,0.00021
BATCH_37,JOB_5356,CH_0122,2025-09-10T04:25:48,Resin_B,20,60,auto,-1.346,29.554,2.924,1.662,1.1951674167550792,6e-06
BATCH_41,JOB_7276,CH_0123,2025-09-10T04:40:48,Resin_B,20,45,manual,-0.232,26.544,1.622,3.512,0.9562948584302313,6.4e-05
BATCH_28,JOB_2390,CH_0124,2025-09-10T04:55:48,Resin_A,20,45,manual,0.655,33.732,2.61,4.126,1.0796638721159182,1.2e-05
BATCH_35,JOB_5293,CH_0125,2025-09-10T05:10:48,Resin_A,20,60,auto,-1.772,36.558,2.842,0.677,1.1451939090696406,9e-06
BATCH_47,JOB_7570,CH_0126,2025-09-10T05:25:48,Resin_A,50,45,auto,1.807,41.956,2.67,2.546,1.0601401547242006,1.3e-05
BATCH_8,JOB_7812,CH_0127,2025-09-10T05:40:48,Resin_B,100,90,auto,1.759,46.645,0.906,1.348,0.9270019693792663,0.001036
BATCH_49,JOB_1986,CH_0128,2025-09-10T05:55:48,Resin_B,100,30,auto,-1.93,22.207,2.577,4.391,1.1210543657933658,9e-06
BATCH_28,JOB_5033,CH_0129,2025-09-10T06:10:48,Resin_B,20,0,auto,0.636,29.693,2.128,0.98,0.9969937976595105,2.5e-05
BATCH_34,JOB_8761,CH_0130,2025-09-10T06:25:48,Resin_B,20,0,auto,0.602,48.26,2.814,2.472,1.0631827574390291,1.3e-05
BATCH_7,JOB_3190,CH_0131,2025-09-10T06:40:48,Resin_A,20,45,auto,-0.813,42.454,1.321,3.336,0.9341551179856642,0.000221
BATCH_46,JOB_7228,CH_0132,2025-09-10T06:55:48,Resin_A,20,45,auto,-1.707,40.172,2.171,3.288,1.0027468109870434,3.1e-05
BATCH_44,JOB_9234,CH_0133,2025-09-10T07:10:48,Resin_B,50,60,auto,-0.635,29.01,1.497,3.111,0.9445550082543863,9.6e-05
BATCH_11,JOB_5146,CH_0134,2025-09-10T07:25:48,Resin_C,20,90,auto,-1.97,42.374,2.745,1.596,1.0634661250910957,1.1e-05
BATCH_47,JOB_8311,CH_0135,2025-09-10T07:40:48,Resin_C,50,45,auto,-0.057,22.839,1.212,1.883,0.9353129438821531,0.000166
BATCH_49,JOB_9105,CH_0136,2025-09-10T07:55:48,Resin_C,50,0,auto,-1.507,52.971,2.499,1.331,0.9923029472841527,2e-05
BATCH_21,JOB_7869,CH_0137,2025-09-10T08:10:48,Resin_C,50,0,auto,0.106,15.615,0.506,3.371,0.9259751300216608,0.003923
BATCH_24,JOB_7674,CH_0138,2025-09-10T08:25:48,Resin_A,20,90,manual,1.08,37.832,1.139,1.859,0.9306344601811032,0.000385
BATCH_44,JOB_2249,CH_0139,2025-09-10T08:40:48,Resin_B,20,30,manual,-1.401,31.197,0.882,1.559,0.9279446151428,0.000772
BATCH_25,JOB_1769,CH_0140,2025-09-10T08:55:48,Resin_A,100,60,auto,0.552,22.844,2.08,0.763,1.0037013724853796,1.9e-05
BATCH_46,JOB_6699,CH_0141,2025-09-10T09:10:48,Resin_B,50,45,auto,-0.217,46.226,0.54,2.035,0.9257685450689702,0.008305
BATCH_13,JOB_7704,CH_0142,2025-09-10T09:25:48,Resin_A,20,0,auto,-0.395,28.348,1.359,3.277,0.940621048451054,0.000142
BATCH_22,JOB_6249,CH_0143,2025-09-10T09:40:48,Resin_B,100,90,auto,0.371,44.007,1.077,2.556,0.9287611618228948,0.00052
BATCH_30,JOB_1632,CH_0144,2025-09-10T09:55:48,Resin_A,50,60,manual,0.54,47.742,0.926,2.343,0.927311204561128,0.001106
BATCH_1,JOB_1285,CH_0145,2025-09-10T10:10:48,Resin_A,100,90,auto,1.897,11.001,2.343,3.959,1.2434964118344758,5e-06
BATCH_50,JOB_3408,CH_0146,2025-09-10T10:25:48,Resin_B,20,90,manual,1.128,45.437,0.59,1.864,0.9258381582857089,0.005505
BATCH_35,JOB_9597,CH_0147,2025-09-10T10:40:48,Resin_C,20,0,auto,-0.412,32.36,2.001,2.821,0.9743139273416135,3.5e-05
BATCH_6,JOB_4138,CH_0148,2025-09-10T10:55:48,Resin_A,100,0,auto,1.27,29.031,2.695,4.406,1.1099126527090126,9e-06
BATCH_10,JOB_6656,CH_0149,2025-09-10T11:10:48,Resin_A,20,90,auto,-1.385,21.181,2.893,3.079,1.2937440725192648,5e-06
BATCH_21,JOB_8137,CH_0150,2025-09-10T11:25:48,Resin_B,20,90,auto,1.811,51.26,2.166,1.048,0.9771060673234173,3.7e-05
BATCH_29,JOB_6947,CH_0151,2025-09-10T11:40:48,Resin_A,20,60,manual,-1.512,39.715,2.841,4.442,1.1212461061819425,9e-06
BATCH_15,JOB_9648,CH_0152,2025-09-10T11:55:48,Resin_A,20,45,auto,-1.153,34.23,2.386,3.288,1.0441362114778119,1.7e-05
BATCH_4,JOB_2638,CH_0153,2025-09-10T12:10:48,Resin_A,20,0,manual,-0.938,18.888,2.229,3.281,1.0659493942865974,1.2e-05
BATCH_28,JOB_2549,CH_0154,2025-09-10T12:25:48,Resin_A,50,30,auto,1.546,32.489,0.987,2.155,0.9286250464165084,0.000512
BATCH_39,JOB_7356,CH_0155,2025-09-10T12:40:48,Resin_A,20,30,auto,-0.326,49.517,1.955,3.564,0.9611054036370659,5.1e-05
BATCH_4,JOB_9737,CH_0156,2025-09-10T12:55:48,Resin_A,20,45,auto,0.584,34.967,1.165,1.172,0.9325585142858352,0.000293
BATCH_17,JOB_4191,CH_0157,2025-09-10T13:10:48,Resin_B,100,0,auto,1.438,29.62,2.891,1.099,1.1603953257550943,7e-06
BATCH_22,JOB_3247,CH_0158,2025-09-10T13:25:48,Resin_A,50,30,auto,1.607,33.074,2.093,3.467,0.9849838301651389,2.6e-05
BATCH_23,JOB_4456,CH_0159,2025-09-10T13:40:48,Resin_C,100,90,auto,0.95,35.611,2.201,0.688,0.9804062430396291,2.3e-05
BATCH_32,JOB_6439,CH_0160,2025-09-10T13:55:48,Resin_A,100,45,auto,-1.259,18.705,0.746,3.471,0.9276116896946123,0.000952
BATCH_41,JOB_9569,CH_0161,2025-09-10T14:10:48,Resin_A,20,0,manual,0.669,10.521,1.139,1.673,0.9442682608335033,9.6e-05
BATCH_11,JOB_1521,CH_0162,2025-09-10T14:25:48,Resin_A,100,30,auto,0.33,47.404,2.529,3.454,1.0164534178722742,1.8e-05
BATCH_30,JOB_1685,CH_0163,2025-09-10T14:40:48,Resin_C,100,0,auto,-0.272,31.97,2.032,4.744,0.968871925624296,3.2e-05
BATCH_23,JOB_9789,CH_0164,2025-09-10T14:55:48,Resin_A,100,30,auto,-1.116,58.92,2.37,3.01,0.9868710620985618,3.1e-05
BATCH_23,JOB_5183,CH_0165,2025-09-10T15:10:48,Resin_A,20,90,auto,-1.473,46.299,2.544,1.461,1.0247757888462912,1.9e-05
BATCH_8,JOB_9553,CH_0166,2025-09-10T15:25:48,Resin_B,100,45,auto,-1.625,38.859,2.693,2.452,1.0540112992614348,1.2e-05
BATCH_10,JOB_2428,CH_0167,2025-09-10T15:40:48,Resin_C,20,45,manual,-1.603,30.075,2.5,1.418,1.0695285557982703,1.2e-05
BATCH_14,JOB_4489,CH_0168,2025-09-10T15:55:48,Resin_A,20,0,auto,-1.979,48.05,0.588,3.856,0.9258720288529844,0.006764
BATCH_35,JOB_8321,CH_0169,2025-09-10T16:10:48,Resin_B,100,45,manual,-0.527,32.431,2.305,4.488,1.0075427667066559,1.9e-05
BATCH_3,JOB_5431,CH_0170,2025-09-10T16:25:48,Resin_A,50,60,auto,-0.449,30.116,2.686,2.795,1.102367560238587,9e-06
BATCH_19,JOB_1663,CH_0171,2025-09-10T16:40:48,Resin_B,50,30,auto,0.409,11.147,1.305,3.364,0.9539437099547927,6.4e-05
BATCH_28,JOB_2019,CH_0172,2025-09-10T16:55:48,Resin_B,100,90,auto,-0.687,31.701,0.722,1.493,0.9263513365524534,0.001792
BATCH_39,JOB_4471,CH_0173,2025-09-10T17:10:48,Resin_A,50,60,auto,-1.287,44.296,2.978,3.862,1.1340826275694678,1e-05
BATCH_19,JOB_2449,CH_0174,2025-09-10T17:25:48,Resin_A,100,0,auto,0.346,44.884,2.824,4.022,1.0586932401653577,1.2e-05
BATCH_26,JOB_4331,CH_0175,2025-09-10T17:40:48,Resin_A,20,90,auto,-0.076,31.759,2.843,3.677,1.1632700833201741,7e-06
BATCH_24,JOB_5713,CH_0176,2025-09-10T17:55:48,Resin_A,50,60,auto,-0.405,56.131,1.68,0.56,0.9419269920326775,0.000108
BATCH_6,JOB_6675,CH_0177,2025-09-10T18:10:48,Resin_A,100,60,manual,1.899,28.56,1.572,4.302,0.9480290188723595,6.8e-05
BATCH_32,JOB_8927,CH_0178,2025-09-10T18:25:48,Resin_B,100,0,auto,-0.739,48.593,0.716,1.566,0.9260687569057846,0.002987
BATCH_18,JOB_4670,CH_0179,2025-09-10T18:40:48,Resin_A,100,90,auto,-0.325,23.008,2.327,4.916,1.060677902361559,1.2e-05
BATCH_33,JOB_1572,CH_0180,2025-09-10T18:55:48,Resin_C,20,90,auto,-1.395,21.266,1.127,4.328,0.932452625491127,0.000226
BATCH_2,JOB_4137,CH_0181,2025-09-10T19:10:48,Resin_B,20,0,auto,-1.673,32.915,1.712,1.246,0.956005300608594,5.9e-05
BATCH_21,JOB_6774,CH_0182,2025-09-10T19:25:48,Resin_B,50,60,auto,1.912,49.699,1.743,2.029,0.9443440551099238,8.1e-05
BATCH_2,JOB_6879,CH_0183,2025-09-10T19:40:48,Resin_C,50,60,manual,-1.045,32.562,2.962,3.974,1.1641393215982037,7e-06
BATCH_12,JOB_1007,CH_0184,2025-09-10T19:55:48,Resin_B,50,60,auto,-0.41,14.67,1.603,1.38,0.9726846555798562,3.4e-05
BATCH_20,JOB_4525,CH_0185,2025-09-10T20:10:48,Resin_B,20,90,auto,0.571,19.792,2.742,2.841,1.213870957175938,6e-06
BATCH_48,JOB_4690,CH_0186,2025-09-10T20:25:48,Resin_C,50,45,manual,-1.437,20.101,0.961,4.523,0.9301105185805137,0.000363
BATCH_21,JOB_1669,CH_0187,2025-09-10T20:40:48,Resin_B,50,45,manual,1.214,35.26,2.918,2.38,1.1305689752695423,8e-06
BATCH_5,JOB_1226,CH_0188,2025-09-10T20:55:48,Resin_A,100,45,auto,-1.628,11.468,2.557,1.444,1.3669303516990143,4e-06
BATCH_9,JOB_1587,CH_0189,2025-09-10T21:10:48,Resin_C,50,30,auto,1.038,59.403,2.753,3.433,1.0108885419722213,1.7e-05
BATCH_23,JOB_7416,CH_0190,2025-09-10T21:25:48,Resin_C,50,0,auto,-1.432,27.397,1.626,3.87,0.948634981358496,6.7e-05
BATCH_28,JOB_2958,CH_0191,2025-09-10T21:40:48,Resin_B,100,45,auto,-1.495,43.809,1.313,3.588,0.9329571129237723,0.000259
BATCH_46,JOB_9179,CH_0192,2025-09-10T21:55:48,Resin_A,100,45,auto,0.051,25.266,1.032,0.649,0.9303478175239437,0.000388
BATCH_23,JOB_4674,CH_0193,2025-09-10T22:10:48,Resin_C,100,0,manual,0.66,23.014,2.768,3.518,1.122169010816029,6e-06
BATCH_14,JOB_5249,CH_0194,2025-09-10T22:25:48,Resin_A,50,45,auto,1.209,33.954,0.545,2.396,0.9258394609998349,0.006732
BATCH_14,JOB_8230,CH_0195,2025-09-10T22:40:48,Resin_A,20,45,manual,1.304,44.966,2.599,4.918,1.0638697296130344,1.6e-05
BATCH_25,JOB_2762,CH_0196,2025-09-10T22:55:48,Resin_B,50,90,auto,-1.614,22.095,0.531,2.609,0.9259473539701216,0.004203
BATCH_16,JOB_3524,CH_0197,2025-09-10T23:10:48,Resin_B,20,60,auto,1.509,53.863,1.326,2.032,0.9315889078058271,0.000275
BATCH_9,JOB_4516,CH_0198,2025-09-10T23:25:48,Resin_A,50,30,auto,0.635,22.615,1.051,2.698,0.9318269355403765,0.000269
BATCH_15,JOB_7748,CH_0199,2025-09-10T23:40:48,Resin_C,50,0,auto,0.778,14.11,2.777,2.59,1.3431506991423463,4e-06
BATCH_1,JOB_5005,CH_0200,2025-09-10T23:55:48,Resin_B,50,60,auto,0.609,57.527,2.002,3.846,0.9541616686038908,5.2e-05
BATCH_29,JOB_3800,CH_0201,2025-09-11T00:10:48,Resin_A,20,90,auto,-1.817,17.001,1.192,4.872,0.9389685965767545,0.000133
BATCH_33,JOB_5697,CH_0202,2025-09-11T00:25:48,Resin_B,20,90,auto,1.417,12.475,2.583,4.298,1.347813527499162,4e-06
BATCH_24,JOB_3866,CH_0203,2025-09-11T00:40:48,Resin_A,50,30,auto,1.727,29.851,0.718,3.277,0.9265466753471823,0.001628
BATCH_8,JOB_7132,CH_0204,2025-09-11T00:55:48,Resin_B,50,45,auto,1.718,18.26,1.475,3.784,0.9552523819481696,5.9e-05
BATCH_30,JOB_4052,CH_0205,2025-09-11T01:10:48,Resin_B,20,90,manual,1.816,46.07,2.657,0.509,1.0329948400142959,1.5e-05
BATCH_15,JOB_6889,CH_0206,2025-09-11T01:25:48,Resin_C,50,90,auto,-0.324,47.559,0.678,0.861,0.9259873418278557,0.003722
BATCH_28,JOB_1770,CH_0207,2025-09-11T01:40:48,Resin_B,50,45,auto,-1.959,41.805,2.783,3.257,1.0805800445420388,1.2e-05
BATCH_26,JOB_6476,CH_0208,2025-09-11T01:55:48,Resin_A,50,30,auto,-0.312,24.752,1.715,3.097,0.965531907808574,4.2e-05
BATCH_35,JOB_4500,CH_0209,2025-09-11T02:10:48,Resin_B,100,0,manual,0.609,52.28,2.231,2.435,0.9667283368596702,3.6e-05
BATCH_32,JOB_2141,CH_0210,2025-09-11T02:25:48,Resin_A,50,45,auto,0.317,47.968,0.747,4.503,0.9262817142258257,0.002566
BATCH_20,JOB_6906,CH_0211,2025-09-11T02:40:48,Resin_B,100,30,auto,-0.278,17.13,2.725,2.056,1.2413245140898046,5e-06
BATCH_12,JOB_2054,CH_0212,2025-09-11T02:55:48,Resin_A,100,45,auto,-0.755,43.856,2.014,2.141,0.9680781992161281,4.4e-05
BATCH_27,JOB_3309,CH_0213,2025-09-11T03:10:48,Resin_A,20,45,auto,-1.457,14.965,1.022,4.665,0.934700267407829,0.00021
BATCH_49,JOB_9988,CH_0214,2025-09-11T03:25:48,Resin_C,20,90,manual,-0.744,54.42,2.007,4.22,0.9570332194880452,5.1e-05
BATCH_45,JOB_5916,CH_0215,2025-09-11T03:40:48,Resin_C,20,90,manual,1.094,59.005,1.695,2.895,0.9386143175487676,0.00011
BATCH_1,JOB_2627,CH_0216,2025-09-11T03:55:48,Resin_A,100,30,auto,-0.63,23.512,2.916,3.01,1.2777908713545663,5e-06
BATCH_24,JOB_7905,CH_0217,2025-09-11T04:10:48,Resin_C,20,30,auto,-0.393,59.692,2.701,3.305,1.0239078851669992,1.7e-05
BATCH_47,JOB_4211,CH_0218,2025-09-11T04:25:48,Resin_C,20,60,manual,-1.471,39.651,1.998,2.091,0.965477927161347,3.6e-05
BATCH_19,JOB_5761,CH_0219,2025-09-11T04:40:48,Resin_B,100,60,auto,0.723,33.339,0.586,4.863,0.9259080356892285,0.004852
BATCH_50,JOB_4536,CH_0220,2025-09-11T04:55:48,Resin_B,50,60,auto,-1.187,48.09,1.466,2.801,0.9359790270806979,0.000179
BATCH_9,JOB_2863,CH_0221,2025-09-11T05:10:48,Resin_C,50,60,manual,1.058,38.676,2.89,1.402,1.0928564808443952,9e-06
BATCH_32,JOB_5117,CH_0222,2025-09-11T05:25:48,Resin_C,100,45,auto,0.042,41.33,2.816,0.586,1.0823853922382496,1.1e-05
BATCH_30,JOB_5152,CH_0223,2025-09-11T05:40:48,Resin_B,50,30,auto,-0.802,27.936,2.511,1.754,1.071740427735842,1.2e-05
BATCH_23,JOB_5897,CH_0224,2025-09-11T05:55:48,Resin_A,20,90,manual,1.237,54.221,2.25,0.97,0.9769486393317321,3.1e-05
BATCH_19,JOB_6242,CH_0225,2025-09-11T06:10:48,Resin_A,50,45,auto,-1.556,50.412,2.869,0.825,1.0925783787081664,1.1e-05
BATCH_3,JOB_3951,CH_0226,2025-09-11T06:25:48,Resin_C,50,60,auto,0.84,43.343,1.028,4.385,0.9281495420956938,0.000595
BATCH_13,JOB_2556,CH_0227,2025-09-11T06:40:48,Resin_A,100,45,auto,0.333,52.112,1.872,1.487,0.9515874098371288,7.1e-05
BATCH_28,JOB_9244,CH_0228,2025-09-11T06:55:48,Resin_A,100,30,auto,0.499,13.589,2.207,1.589,1.0944491171875679,1e-05
BATCH_18,JOB_8927,CH_0229,2025-09-11T07:10:48,Resin_B,100,60,auto,1.101,23.57,1.742,1.779,0.9628051813846833,4.3e-05
BATCH_50,JOB_7056,CH_0230,2025-09-11T07:25:48,Resin_A,100,0,auto,-1.813,23.808,2.267,0.782,1.0426997732913106,1.4e-05
BATCH_36,JOB_3224,CH_0231,2025-09-11T07:40:48,Resin_C,20,60,auto,-0.559,23.52,2.607,1.91,1.1335387945262623,8e-06
BATCH_21,JOB_1234,CH_0232,2025-09-11T07:55:48,Resin_A,100,30,auto,1.721,52.212,2.19,1.126,0.9709944887651263,3.8e-05
BATCH_37,JOB_2124,CH_0233,2025-09-11T08:10:48,Resin_C,100,0,auto,1.776,23.448,1.689,3.355,0.9510051695019296,4.9e-05
BATCH_31,JOB_5424,CH_0234,2025-09-11T08:25:48,Resin_B,50,45,auto,-1.791,48.378,1.541,4.2,0.9385870653158455,0.000147
BATCH_36,JOB_8170,CH_0235,2025-09-11T08:40:48,Resin_B,50,0,manual,1.016,11.797,1.487,4.689,0.968152786432257,3.8e-05
BATCH_10,JOB_7708,CH_0236,2025-09-11T08:55:48,Resin_B,50,0,manual,-0.85,28.389,0.645,1.002,0.9261092822469692,0.002502
BATCH_25,JOB_9578,CH_0237,2025-09-11T09:10:48,Resin_C,50,90,auto,-0.651,10.966,0.811,2.361,0.9294207724453102,0.000413
BATCH_47,JOB_3745,CH_0238,2025-09-11T09:25:48,Resin_A,100,0,manual,0.076,43.877,1.28,3.983,0.9308255810972285,0.00028
BATCH_25,JOB_9224,CH_0239,2025-09-11T09:40:48,Resin_B,50,45,auto,-0.529,19.087,1.589,1.994,0.9606185848341222,4.9e-05
BATCH_33,JOB_9835,CH_0240,2025-09-11T09:55:48,Resin_B,100,90,auto,1.897,52.353,0.559,4.544,0.9257413292756042,0.009264
BATCH_40,JOB_9584,CH_0241,2025-09-11T10:10:48,Resin_B,20,30,auto,-0.106,12.986,2.179,3.12,1.1150139218032755,9e-06
BATCH_45,JOB_7410,CH_0242,2025-09-11T10:25:48,Resin_B,50,0,auto,0.903,40.987,2.74,4.312,1.0482181887575,1.3e-05
BATCH_47,JOB_9350,CH_0243,2025-09-11T10:40:48,Resin_B,100,60,auto,1.239,57.37,1.343,3.762,0.9310255203858987,0.000262
BATCH_21,JOB_8557,CH_0244,2025-09-11T10:55:48,Resin_A,20,45,auto,-0.337,25.096,2.403,2.094,1.0944511805774246,1.1e-05
BATCH_45,JOB_9811,CH_0245,2025-09-11T11:10:48,Resin_C,50,30,auto,-0.166,38.044,2.66,2.666,1.0539529185378242,1.2e-05
BATCH_25,JOB_8186,CH_0246,2025-09-11T11:25:48,Resin_C,100,60,manual,0.847,59.057,1.924,1.668,0.9467527097596297,6.4e-05
BATCH_43,JOB_9436,CH_0247,2025-09-11T11:40:48,Resin_A,50,30,auto,1.318,46.606,1.388,3.642,0.9348814175504515,0.000212
BATCH_44,JOB_3468,CH_0248,2025-09-11T11:55:48,Resin_A,50,0,auto,1.125,58.008,2.409,4.348,0.9864749185757083,2.5e-05
BATCH_22,JOB_5444,CH_0249,2025-09-11T12:10:48,Resin_A,50,45,auto,1.232,18.894,1.787,4.137,0.997327511113096,2.7e-05
BATCH_20,JOB_1628,CH_0250,2025-09-11T12:25:48,Resin_A,100,45,manual,-0.021,35.636,1.704,3.359,0.9515100486598016,6.1e-05
BATCH_18,JOB_4008,CH_0251,2025-09-11T12:40:48,Resin_A,100,45,auto,0.488,59.622,1.466,3.082,0.9339424704018489,0.000224
BATCH_45,JOB_3780,CH_0252,2025-09-11T12:55:48,Resin_A,50,45,auto,-1.844,11.801,0.938,4.4,0.9332604130129553,0.000241
BATCH_7,JOB_7297,CH_0253,2025-09-11T13:10:48,Resin_B,100,90,auto,1.035,24.125,1.383,4.523,0.9397348020102749,0.000111
BATCH_28,JOB_5570,CH_0254,2025-09-11T13:25:48,Resin_B,100,30,auto,0.365,19.307,1.329,4.348,0.942129245233152,9e-05
BATCH_24,JOB_4075,CH_0255,2025-09-11T13:40:48,Resin_C,20,0,auto,1.244,51.791,1.33,3.621,0.9307047293098495,0.000261
BATCH_10,JOB_7534,CH_0256,2025-09-11T13:55:48,Resin_A,50,90,manual,-2.0,30.828,1.806,0.746,0.9639911705029937,4.4e-05
BATCH_41,JOB_7028,CH_0257,2025-09-11T14:10:48,Resin_A,100,45,auto,-1.236,25.504,2.329,3.383,1.0444822824958164,1.3e-05
BATCH_22,JOB_9501,CH_0258,2025-09-11T14:25:48,Resin_B,100,45,auto,-0.516,55.097,2.517,4.932,0.9989661432857935,2.2e-05
BATCH_10,JOB_3832,CH_0259,2025-09-11T14:40:48,Resin_B,100,30,manual,-1.331,49.032,1.959,4.785,0.9518789672793999,5.6e-05
BATCH_40,JOB_4854,CH_0260,2025-09-11T14:55:48,Resin_B,50,0,auto,0.036,28.464,2.832,4.224,1.1610858917803073,7e-06
BATCH_13,JOB_5357,CH_0261,2025-09-11T15:10:48,Resin_B,20,30,manual,1.447,23.704,2.518,1.379,1.0921509244968446,9e-06
BATCH_4,JOB_7033,CH_0262,2025-09-11T15:25:48,Resin_B,100,90,manual,-0.015,29.026,0.908,4.038,0.9278116563129495,0.000617
BATCH_6,JOB_8032,CH_0263,2025-09-11T15:40:48,Resin_B,100,30,auto,1.373,14.876,1.897,2.755,1.020805193624374,1.8e-05
BATCH_25,JOB_4731,CH_0264,2025-09-11T15:55:48,Resin_A,50,90,manual,0.858,57.623,1.067,4.457,0.9282242841799355,0.000737
BATCH_19,JOB_5595,CH_0265,2025-09-11T16:10:48,Resin_B,50,45,auto,-1.716,25.643,2.838,4.328,1.2023419143863319,6e-06
BATCH_33,JOB_1049,CH_0266,2025-09-11T16:25:48,Resin_A,100,90,auto,0.485,26.702,2.332,2.32,1.0410097249051375,1.4e-05
BATCH_15,JOB_7358,CH_0267,2025-09-11T16:40:48,Resin_B,20,45,auto,-0.504,57.222,2.104,3.522,0.9689404092147996,4.3e-05
BATCH_5,JOB_2988,CH_0268,2025-09-11T16:55:48,Resin_A,50,30,manual,-1.954,32.506,2.943,0.964,1.1752418257203319,7e-06
BATCH_2,JOB_6755,CH_0269,2025-09-11T17:10:48,Resin_B,20,45,auto,-1.704,40.274,1.792,3.831,0.9590151988219381,5.8e-05
BATCH_35,JOB_3849,CH_0270,2025-09-11T17:25:48,Resin_B,100,90,manual,-1.727,31.519,2.239,2.561,1.0037355436789919,2.1e-05
BATCH_2,JOB_8619,CH_0271,2025-09-11T17:40:48,Resin_A,100,30,auto,0.688,39.178,1.814,1.623,0.9556209133974858,5.4e-05
BATCH_19,JOB_2920,CH_0272,2025-09-11T17:55:48,Resin_B,50,0,auto,0.51,29.281,2.841,2.939,1.1503599676944205,7e-06
BATCH_50,JOB_4490,CH_0273,2025-09-11T18:10:48,Resin_B,50,30,manual,-1.141,43.25,1.745,3.843,0.9478339761490229,7.9e-05
BATCH_45,JOB_9560,CH_0274,2025-09-11T18:25:48,Resin_B,100,30,manual,-1.083,37.344,2.177,3.654,0.9847109980996924,2.8e-05
BATCH_3,JOB_4901,CH_0275,2025-09-11T18:40:48,Resin_A,100,0,auto,-0.917,22.378,0.656,2.565,0.9265002877924308,0.001771
BATCH_10,JOB_1869,CH_0276,2025-09-11T18:55:48,Resin_C,50,30,manual,1.292,56.636,1.861,1.401,0.9461544132450806,7.9e-05
BATCH_28,JOB_3912,CH_0277,2025-09-11T19:10:48,Resin_B,50,45,manual,-0.29,20.311,2.499,2.001,1.1369384821148873,9e-06
BATCH_37,JOB_8697,CH_0278,2025-09-11T19:25:48,Resin_B,20,30,auto,0.822,31.38,1.606,3.422,0.949205916321455,8e-05
BATCH_4,JOB_4278,CH_0279,2025-09-11T19:40:48,Resin_A,100,30,auto,-0.796,35.132,0.64,2.71,0.9260991201657978,0.003023
BATCH_45,JOB_1802,CH_0280,2025-09-11T19:55:48,Resin_A,50,90,auto,-1.718,19.282,2.161,4.468,1.04372861226955,1.5e-05
BATCH_46,JOB_3591,CH_0281,2025-09-11T20:10:48,Resin_A,100,30,auto,-0.572,27.689,2.571,4.052,1.0994745236812429,1e-05
BATCH_41,JOB_1086,CH_0282,2025-09-11T20:25:48,Resin_A,50,0,auto,1.614,13.882,2.572,2.07,1.2732816903855035,5e-06
BATCH_47,JOB_2647,CH_0283,2025-09-11T20:40:48,Resin_C,100,0,auto,-0.816,32.959,1.528,3.749,0.9402227413295647,9e-05
BATCH_34,JOB_8178,CH_0284,2025-09-11T20:55:48,Resin_A,20,45,manual,1.527,16.075,2.087,3.12,1.0835088283037906,1.3e-05
BATCH_33,JOB_4005,CH_0285,2025-09-11T21:10:48,Resin_A,50,45,auto,0.998,38.596,2.966,2.366,1.1683420322367137,8e-06
BATCH_48,JOB_6552,CH_0286,2025-09-11T21:25:48,Resin_B,20,30,auto,0.187,38.77,0.555,4.753,0.9258346600883357,0.006532
BATCH_39,JOB_1192,CH_0287,2025-09-11T21:40:48,Resin_C,100,30,auto,-1.543,48.24,2.197,3.978,0.9696307793773993,3.4e-05
BATCH_22,JOB_7773,CH_0288,2025-09-11T21:55:48,Resin_B,50,60,manual,0.925,44.864,2.382,2.593,0.9951997188959838,2.4e-05
BATCH_40,JOB_7801,CH_0289,2025-09-11T22:10:48,Resin_B,100,45,manual,1.53,33.315,0.689,2.245,0.9262392530332301,0.00216
BATCH_13,JOB_3604,CH_0290,2025-09-11T22:25:48,Resin_C,100,0,manual,1.392,37.279,2.954,2.527,1.0985860817572166,9e-06
BATCH_4,JOB_6626,CH_0291,2025-09-11T22:40:48,Resin_A,20,45,auto,-0.214,13.5,2.323,3.238,1.1895791876545931,7e-06
BATCH_15,JOB_6167,CH_0292,2025-09-11T22:55:48,Resin_C,50,45,manual,1.369,28.662,2.08,0.929,0.9892118981796605,2.2e-05
BATCH_37,JOB_6330,CH_0293,2025-09-11T23:10:48,Resin_B,50,30,manual,1.007,50.15,1.795,1.131,0.9479133278370949,7.2e-05
BATCH_42,JOB_6876,CH_0294,2025-09-11T23:25:48,Resin_A,50,90,auto,-0.967,40.271,1.583,3.984,0.9434904903959065,0.000105
BATCH_2,JOB_2629,CH_0295,2025-09-11T23:40:48,Resin_A,50,90,manual,-0.916,20.113,1.285,1.587,0.940565710430367,0.000124
BATCH_38,JOB_5334,CH_0296,2025-09-11T23:55:48,Resin_B,50,30,auto,-0.225,32.539,2.896,2.44,1.156743581202871,8e-06
BATCH_7,JOB_8957,CH_0297,2025-09-12T00:10:48,Resin_B,20,0,auto,1.304,33.156,1.196,3.446,0.931863889805076,0.000284
BATCH_21,JOB_9799,CH_0298,2025-09-12T00:25:48,Resin_B,50,90,manual,-1.398,20.862,1.66,1.688,0.9647902353061113,4.2e-05
BATCH_7,JOB_5172,CH_0299,2025-09-12T00:40:48,Resin_B,50,30,manual,-0.284,20.053,1.786,3.813,0.9777846766193271,3e-05
BATCH_45,JOB_8002,CH_0300,2025-09-12T00:55:48,Resin_B,50,45,manual,-0.693,47.409,2.517,4.361,1.0191982729752607,1.8e-05
BATCH_48,JOB_7644,CH_0301,2025-09-12T01:10:48,Resin_A,20,90,auto,-1.91,28.021,2.459,3.048,1.083889648993358,1.3e-05
BATCH_4,JOB_6660,CH_0302,2025-09-12T01:25:48,Resin_A,100,45,auto,1.754,30.741,1.506,2.258,0.9457216160838645,0.000101
BATCH_28,JOB_8876,CH_0303,2025-09-12T01:40:48,Resin_A,50,90,auto,-1.084,39.843,2.82,4.681,1.0955629650949439,1e-05
BATCH_27,JOB_7837,CH_0304,2025-09-12T01:55:48,Resin_B,50,0,auto,1.76,35.2,2.873,4.248,1.140010650974442,8e-06
BATCH_19,JOB_7982,CH_0305,2025-09-12T02:10:48,Resin_C,20,60,auto,0.764,44.857,2.122,1.739,0.967848220068504,3.7e-05
BATCH_43,JOB_1206,CH_0306,2025-09-12T02:25:48,Resin_B,100,0,manual,-1.321,10.957,2.448,3.244,1.2401616413148135,5e-06
BATCH_2,JOB_4875,CH_0307,2025-09-12T02:40:48,Resin_C,50,45,auto,1.814,54.081,1.961,4.252,0.9531259744341843,5.4e-05
BATCH_7,JOB_1975,CH_0308,2025-09-12T02:55:48,Resin_B,20,30,auto,0.427,54.049,2.707,3.466,1.0302800384350967,1.7e-05
BATCH_17,JOB_4294,CH_0309,2025-09-12T03:10:48,Resin_C,100,90,manual,1.538,16.261,1.001,1.473,0.9308074433082437,0.000277
BATCH_11,JOB_7065,CH_0310,2025-09-12T03:25:48,Resin_A,100,90,manual,1.268,52.627,2.845,0.883,1.0540617999310666,1.3e-05
BATCH_37,JOB_9775,CH_0311,2025-09-12T03:40:48,Resin_A,100,60,auto,1.77,13.741,1.596,2.884,0.9706110580923624,3.6e-05
BATCH_26,JOB_6457,CH_0312,2025-09-12T03:55:48,Resin_A,20,60,manual,-0.538,27.685,1.256,4.889,0.9358544539036653,0.000172
BATCH_10,JOB_2447,CH_0313,2025-09-12T04:10:48,Resin_C,100,30,manual,0.827,40.861,0.89,2.653,0.9268165239239836,0.000938
BATCH_34,JOB_1776,CH_0314,2025-09-12T04:25:48,Resin_A,100,0,auto,1.937,29.785,2.288,1.769,1.0120198444269077,1.6e-05
BATCH_13,JOB_4103,CH_0315,2025-09-12T04:40:48,Resin_A,50,45,manual,0.657,19.962,0.612,1.069,0.9263631976279221,0.002138
BATCH_39,JOB_1186,CH_0316,2025-09-12T04:55:48,Resin_B,20,60,auto,1.353,28.07,2.649,2.331,1.1255690536903247,1e-05
BATCH_31,JOB_5405,CH_0317,2025-09-12T05:10:48,Resin_A,20,90,manual,-1.298,38.386,1.948,2.703,0.9690628506778078,4.2e-05
BATCH_32,JOB_7855,CH_0318,2025-09-12T05:25:48,Resin_B,50,60,auto,1.417,34.538,1.516,4.564,0.9399162846638457,0.000106
BATCH_5,JOB_8869,CH_0319,2025-09-12T05:40:48,Resin_A,50,45,manual,1.576,26.874,2.324,3.08,1.0517606784110323,1.5e-05
BATCH_33,JOB_4968,CH_0320,2025-09-12T05:55:48,Resin_B,20,90,manual,1.17,41.366,2.376,1.184,0.9964708399269322,2e-05
BATCH_13,JOB_9102,CH_0321,2025-09-12T06:10:48,Resin_A,50,30,manual,1.779,40.497,2.811,4.036,1.0997647738544436,1.1e-05
BATCH_21,JOB_2647,CH_0322,2025-09-12T06:25:48,Resin_B,50,90,manual,-0.409,51.378,0.927,0.637,0.9271108689922867,0.001078
BATCH_9,JOB_2717,CH_0323,2025-09-12T06:40:48,Resin_B,100,0,auto,1.094,16.17,2.066,1.753,1.0260082520632985,1.4e-05
BATCH_11,JOB_8850,CH_0324,2025-09-12T06:55:48,Resin_B,20,0,auto,-0.876,18.675,1.449,4.107,0.9514782642571056,7e-05
BATCH_45,JOB_1191,CH_0325,2025-09-12T07:10:48,Resin_A,50,90,manual,1.34,56.368,1.415,1.931,0.932699863323448,0.000215
BATCH_19,JOB_2051,CH_0326,2025-09-12T07:25:48,Resin_A,20,90,manual,0.671,56.66,1.164,3.252,0.9291486873907612,0.000528
BATCH_32,JOB_4176,CH_0327,2025-09-12T07:40:48,Resin_C,100,60,manual,-0.89,24.081,2.908,0.546,1.1823671026213562,6e-06
BATCH_24,JOB_7513,CH_0328,2025-09-12T07:55:48,Resin_A,50,45,manual,-1.644,59.585,1.853,4.932,0.946387954359301,8.8e-05
BATCH_24,JOB_7653,CH_0329,2025-09-12T08:10:48,Resin_A,20,60,auto,-0.634,32.439,2.783,1.352,1.1305279716591856,8e-06
BATCH_47,JOB_7305,CH_0330,2025-09-12T08:25:48,Resin_A,100,30,manual,1.137,33.12,2.662,1.623,1.089267498872388,1.1e-05
BATCH_21,JOB_6552,CH_0331,2025-09-12T08:40:48,Resin_A,100,60,auto,0.764,23.582,0.977,1.331,0.9296030339943898,0.000413
BATCH_5,JOB_3672,CH_0332,2025-09-12T08:55:48,Resin_A,20,30,auto,0.384,31.692,0.911,1.025,0.9281582056001261,0.000669
BATCH_40,JOB_8409,CH_0333,2025-09-12T09:10:48,Resin_A,100,60,auto,-1.577,53.651,1.808,3.649,0.9483172739798708,7.4e-05
BATCH_9,JOB_8616,CH_0334,2025-09-12T09:25:48,Resin_A,20,30,auto,-0.144,15.935,2.951,1.466,1.48706195680365,3e-06
BATCH_28,JOB_4961,CH_0335,2025-09-12T09:40:48,Resin_B,100,60,auto,1.492,49.475,2.37,3.026,0.9854602363649637,2.3e-05
BATCH_42,JOB_7837,CH_0336,2025-09-12T09:55:48,Resin_A,20,60,auto,-1.127,59.472,1.936,1.12,0.9554185690981215,7.3e-05
BATCH_17,JOB_1165,CH_0337,2025-09-12T10:10:48,Resin_B,50,45,auto,-0.55,50.286,1.32,1.441,0.9316278525812716,0.000283
BATCH_6,JOB_8984,CH_0338,2025-09-12T10:25:48,Resin_A,100,90,auto,1.048,49.075,1.189,1.419,0.9290328004928833,0.000387
BATCH_14,JOB_8566,CH_0339,2025-09-12T10:40:48,Resin_B,100,90,auto,-1.001,42.708,2.048,1.994,0.9667646670969736,4e-05
BATCH_17,JOB_2073,CH_0340,2025-09-12T10:55:48,Resin_A,100,60,auto,-0.387,51.682,2.537,3.253,1.013428297034423,1.8e-05
BATCH_16,JOB_5827,CH_0341,2025-09-12T11:10:48,Resin_A,20,30,auto,-0.888,20.848,1.22,3.003,0.9381953400891535,0.000157
BATCH_39,JOB_2001,CH_0342,2025-09-12T11:25:48,Resin_A,100,45,auto,-0.748,51.825,0.626,2.591,0.9258670685184277,0.005202
BATCH_45,JOB_3710,CH_0343,2025-09-12T11:40:48,Resin_A,50,30,auto,-1.828,49.048,1.496,2.498,0.937268955477472,0.000167
BATCH_48,JOB_7519,CH_0344,2025-09-12T11:55:48,Resin_A,20,30,manual,-0.064,35.705,1.271,3.079,0.9345895230422876,0.000199
BATCH_22,JOB_8701,CH_0345,2025-09-12T12:10:48,Resin_A,100,45,manual,1.863,29.758,2.321,2.056,1.0301097928295986,1.7e-05
BATCH_9,JOB_2814,CH_0346,2025-09-12T12:25:48,Resin_B,50,45,manual,-1.235,32.983,1.577,1.87,0.9448332880334506,7.8e-05
BATCH_25,JOB_2609,CH_0347,2025-09-12T12:40:48,Resin_C,20,60,auto,-0.331,18.011,0.927,2.382,0.9295287018551528,0.000353
BATCH_2,JOB_7197,CH_0348,2025-09-12T12:55:48,Resin_B,50,30,auto,-1.905,51.747,2.937,1.11,1.0739701186162836,1e-05
BATCH_47,JOB_7447,CH_0349,2025-09-12T13:10:48,Resin_A,100,30,manual,0.925,57.338,2.454,1.912,0.9868723966972992,2.6e-05
BATCH_40,JOB_3059,CH_0350,2025-09-12T13:25:48,Resin_A,50,45,auto,0.264,47.573,0.83,2.809,0.9268493013045798,0.001575
BATCH_29,JOB_7543,CH_0351,2025-09-12T13:40:48,Resin_A,100,90,auto,-0.962,14.38,0.725,1.37,0.9277199607252922,0.000895
BATCH_37,JOB_8478,CH_0352,2025-09-12T13:55:48,Resin_B,20,45,auto,0.775,37.638,1.041,1.439,0.9288661806232043,0.000477
BATCH_19,JOB_5566,CH_0353,2025-09-12T14:10:48,Resin_A,50,60,auto,-1.498,18.565,2.568,3.132,1.1861790081319625,7e-06
BATCH_20,JOB_2032,CH_0354,2025-09-12T14:25:48,Resin_A,100,60,auto,-1.555,42.405,2.688,4.057,1.0668571810599001,1.3e-05
BATCH_13,JOB_6929,CH_0355,2025-09-12T14:40:48,Resin_A,20,60,auto,0.141,14.101,0.587,4.954,0.9265789881234399,0.001755
BATCH_10,JOB_1129,CH_0356,2025-09-12T14:55:48,Resin_A,100,45,auto,1.464,24.472,1.669,3.287,0.9547592727668764,5.2e-05
BATCH_47,JOB_9497,CH_0357,2025-09-12T15:10:48,Resin_B,50,90,auto,-0.884,16.459,0.749,3.214,0.9274761436562879,0.000835
BATCH_11,JOB_8498,CH_0358,2025-09-12T15:25:48,Resin_A,100,60,manual,1.166,40.123,1.779,0.775,0.9491065684270436,6.9e-05
BATCH_38,JOB_4867,CH_0359,2025-09-12T15:40:48,Resin_A,50,45,auto,0.413,44.127,1.938,2.431,0.9619444699627511,5.2e-05
BATCH_50,JOB_6672,CH_0360,2025-09-12T15:55:48,Resin_A,20,0,auto,-0.996,42.521,1.031,1.049,0.9287391978805332,0.000662
BATCH_48,JOB_5883,CH_0361,2025-09-12T16:10:48,Resin_A,20,30,auto,-1.494,11.392,2.057,4.13,1.1296123230516821,1.1e-05
BATCH_20,JOB_3172,CH_0362,2025-09-12T16:25:48,Resin_B,50,45,auto,1.222,29.894,2.515,3.164,1.0701488663595706,1.1e-05
BATCH_36,JOB_8189,CH_0363,2025-09-12T16:40:48,Resin_A,50,90,auto,-0.636,55.863,1.516,1.145,0.9371477301846444,0.000183
BATCH_5,JOB_6874,CH_0364,2025-09-12T16:55:48,Resin_B,20,90,auto,1.784,24.791,0.503,1.724,0.9258305879679559,0.006312
BATCH_44,JOB_9872,CH_0365,2025-09-12T17:10:48,Resin_A,50,60,auto,0.66,37.829,1.357,1.106,0.935648192352034,0.000172
BATCH_46,JOB_3237,CH_0366,2025-09-12T17:25:48,Resin_C,100,45,auto,1.565,10.682,1.307,2.995,0.9465558997178284,5.9e-05
BATCH_45,JOB_5932,CH_0367,2025-09-12T17:40:48,Resin_C,100,60,auto,0.058,14.253,1.872,2.21,0.9981429646065118,1.7e-05
BATCH_20,JOB_2581,CH_0368,2025-09-12T17:55:48,Resin_A,100,45,manual,1.907,30.236,0.719,0.796,0.9264895199036413,0.001797
BATCH_3,JOB_6594,CH_0369,2025-09-12T18:10:48,Resin_A,20,0,auto,0.69,44.11,1.288,1.099,0.932676988392187,0.000244
BATCH_47,JOB_6162,CH_0370,2025-09-12T18:25:48,Resin_C,100,45,manual,0.477,19.332,0.564,1.78,0.9260223647960886,0.002871
BATCH_19,JOB_3799,CH_0371,2025-09-12T18:40:48,Resin_A,50,30,auto,-0.086,39.278,1.853,0.887,0.9594788284024506,5.4e-05
BATCH_38,JOB_9105,CH_0372,2025-09-12T18:55:48,Resin_A,50,30,manual,-1.834,34.906,2.223,1.635,0.9992482173336231,2.1e-05
BATCH_26,JOB_2893,CH_0373,2025-09-12T19:10:48,Resin_C,100,60,manual,-0.541,42.048,1.665,1.355,0.9401059206680651,9.5e-05
BATCH_49,JOB_9557,CH_0374,2025-09-12T19:25:48,Resin_A,20,90,manual,0.808,26.568,2.189,2.282,1.0266687372350571,1.8e-05
BATCH_19,JOB_8008,CH_0375,2025-09-12T19:40:48,Resin_A,20,90,auto,0.338,58.466,1.445,0.779,0.9334493202260552,0.000221
BATCH_47,JOB_7719,CH_0376,2025-09-12T19:55:48,Resin_C,50,60,auto,-1.539,54.164,1.537,2.243,0.9356986793568324,0.000154
BATCH_7,JOB_6615,CH_0377,2025-09-12T20:10:48,Resin_A,100,0,manual,0.595,57.728,0.879,2.648,0.9264825462836173,0.001497
BATCH_30,JOB_8345,CH_0378,2025-09-12T20:25:48,Resin_A,20,60,auto,0.937,20.442,0.646,2.986,0.9266581667236211,0.002018
BATCH_28,JOB_1507,CH_0379,2025-09-12T20:40:48,Resin_B,20,45,auto,0.12,43.92,1.982,1.168,0.966474858753389,4.9e-05
BATCH_22,JOB_8370,CH_0380,2025-09-12T20:55:48,Resin_A,20,0,auto,-0.724,33.496,1.756,1.403,0.9600220920775938,6e-05
BATCH_45,JOB_7533,CH_0381,2025-09-12T21:10:48,Resin_C,50,30,auto,1.764,16.217,2.688,4.869,1.2333809186352762,5e-06
BATCH_21,JOB_2184,CH_0382,2025-09-12T21:25:48,Resin_C,20,30,auto,1.239,57.527,0.555,4.921,0.9256964266327584,0.009831
BATCH_38,JOB_6540,CH_0383,2025-09-12T21:40:48,Resin_A,50,60,auto,-1.534,16.355,0.973,2.567,0.93179452255534,0.000274
BATCH_21,JOB_6882,CH_0384,2025-09-12T21:55:48,Resin_A,50,90,auto,-1.127,56.769,1.665,2.504,0.9393008934426016,0.000129
BATCH_32,JOB_2353,CH_0385,2025-09-12T22:10:48,Resin_B,100,0,auto,-1.261,12.979,2.011,3.937,1.0304477560463994,1.3e-05
BATCH_29,JOB_4138,CH_0386,2025-09-12T22:25:48,Resin_A,100,45,manual,-1.023,39.9,1.463,4.347,0.9390451925234062,0.000136
BATCH_9,JOB_4899,CH_0387,2025-09-12T22:40:48,Resin_C,100,60,auto,-1.897,37.665,1.801,4.976,0.9509225200340421,6.2e-05
BATCH_8,JOB_3999,CH_0388,2025-09-12T22:55:48,Resin_B,50,0,manual,0.1,32.56,1.326,3.151,0.934631478636044,0.000167
BATCH_6,JOB_6649,CH_0389,2025-09-12T23:10:48,Resin_C,20,0,manual,1.027,44.028,0.915,0.766,0.9271365452144129,0.000939
BATCH_3,JOB_6911,CH_0390,2025-09-12T23:25:48,Resin_A,100,0,auto,-1.904,26.769,0.943,0.943,0.9284288649570477,0.000522
BATCH_50,JOB_5270,CH_0391,2025-09-12T23:40:48,Resin_A,20,90,auto,-1.284,49.876,2.194,2.961,0.9766610355812838,3.6e-05
BATCH_22,JOB_8607,CH_0392,2025-09-12T23:55:48,Resin_C,20,30,manual,1.322,21.233,1.498,2.344,0.9466027382120851,7.2e-05
BATCH_49,JOB_8204,CH_0393,2025-09-13T00:10:48,Resin_A,100,60,auto,0.313,51.631,2.51,4.399,1.004504472969321,2e-05
BATCH_44,JOB_5086,CH_0394,2025-09-13T00:25:48,Resin_B,20,60,manual,-1.459,43.773,1.49,1.099,0.9381880430680702,0.000144
BATCH_32,JOB_2181,CH_0395,2025-09-13T00:40:48,Resin_A,20,0,auto,-0.582,25.141,2.327,3.653,1.0573838074962498,1.3e-05
BATCH_50,JOB_3387,CH_0396,2025-09-13T00:55:48,Resin_B,100,45,auto,-1.16,47.114,0.563,2.097,0.9257913061266188,0.007802
BATCH_20,JOB_7772,CH_0397,2025-09-13T01:10:48,Resin_A,20,90,auto,-1.217,35.659,0.826,2.482,0.9270903535222748,0.001148
BATCH_35,JOB_2248,CH_0398,2025-09-13T01:25:48,Resin_A,20,45,auto,0.938,11.197,1.962,4.737,1.0865012082006014,1.1e-05
BATCH_43,JOB_4553,CH_0399,2025-09-13T01:40:48,Resin_B,20,60,auto,0.086,54.829,0.991,0.602,0.9275182131236568,0.000966
BATCH_18,JOB_9536,CH_0400,2025-09-13T01:55:48,Resin_A,50,45,auto,-0.69,18.231,0.953,4.058,0.9313013222751568,0.000358
BATCH_24,JOB_5476,CH_0401,2025-09-13T02:10:48,Resin_B,50,0,auto,-1.649,18.591,1.795,1.463,0.9865831668316657,3e-05
BATCH_29,JOB_3572,CH_0402,2025-09-13T02:25:48,Resin_C,100,45,auto,0.828,43.128,2.519,4.487,1.0212932695919987,1.5e-05
BATCH_35,JOB_8465,CH_0403,2025-09-13T02:40:48,Resin_B,20,0,manual,-1.803,21.554,2.743,1.653,1.1993949381762612,6e-06
BATCH_21,JOB_2174,CH_0404,2025-09-13T02:55:48,Resin_A,20,60,auto,0.722,56.585,2.051,4.117,0.965243188096724,5e-05
BATCH_39,JOB_1731,CH_0405,2025-09-13T03:10:48,Resin_A,20,0,auto,-0.686,12.723,0.956,4.843,0.9330772404749763,0.000235
BATCH_16,JOB_5479,CH_0406,2025-09-13T03:25:48,Resin_A,50,60,manual,-1.071,30.266,1.173,1.394,0.9319956643493573,0.000277
BATCH_19,JOB_2167,CH_0407,2025-09-13T03:40:48,Resin_A,20,60,manual,1.384,19.141,2.891,2.195,1.3222200596044642,4e-06
BATCH_6,JOB_1913,CH_0408,2025-09-13T03:55:48,Resin_A,100,30,auto,1.705,53.566,2.463,1.732,0.9970018052519352,2.5e-05
BATCH_11,JOB_6308,CH_0409,2025-09-13T04:10:48,Resin_B,20,0,auto,-1.075,22.179,1.265,0.787,0.9386267434373537,0.000146
BATCH_35,JOB_1378,CH_0410,2025-09-13T04:25:48,Resin_C,50,45,manual,1.946,39.892,0.705,3.411,0.9261179685261239,0.002655
BATCH_42,JOB_7004,CH_0411,2025-09-13T04:40:48,Resin_A,100,45,manual,-1.129,14.408,0.986,4.192,0.9324017057666015,0.000248
BATCH_14,JOB_1446,CH_0412,2025-09-13T04:55:48,Resin_A,20,45,manual,1.925,56.624,2.835,2.31,1.0772113487957673,1.5e-05
BATCH_15,JOB_7414,CH_0413,2025-09-13T05:10:48,Resin_C,100,0,auto,-1.443,40.6,1.266,1.967,0.9310364431428011,0.000263
BATCH_13,JOB_9737,CH_0414,2025-09-13T05:25:48,Resin_B,20,0,auto,1.91,39.131,2.989,4.602,1.1411941530930574,8e-06
BATCH_38,JOB_3061,CH_0415,2025-09-13T05:40:48,Resin_A,20,90,auto,-0.237,53.996,1.764,2.785,0.9464569253288657,9.1e-05
BATCH_17,JOB_9633,CH_0416,2025-09-13T05:55:48,Resin_A,20,90,manual,-1.217,51.013,2.122,2.385,0.9692881564523786,3.7e-05
BATCH_41,JOB_7852,CH_0417,2025-09-13T06:10:48,Resin_C,100,30,manual,-0.754,52.283,1.149,0.507,0.9286488186718352,0.000459
BATCH_4,JOB_4153,CH_0418,2025-09-13T06:25:48,Resin_C,20,45,auto,0.896,56.44,1.576,1.036,0.9391190873879716,0.000134
BATCH_50,JOB_5567,CH_0419,2025-09-13T06:40:48,Resin_B,20,60,auto,0.998,55.892,0.77,1.547,0.9262394124562874,0.002698
BATCH_34,JOB_4779,CH_0420,2025-09-13T06:55:48,Resin_A,20,45,auto,0.036,53.072,2.665,0.545,1.041591427756886,1.8e-05
BATCH_14,JOB_3568,CH_0421,2025-09-13T07:10:48,Resin_B,50,30,auto,1.969,52.877,0.743,3.679,0.9261620558339048,0.002686
BATCH_35,JOB_7429,CH_0422,2025-09-13T07:25:48,Resin_C,50,0,manual,-1.452,36.879,0.962,2.427,0.9276115211616659,0.000681
BATCH_17,JOB_2317,CH_0423,2025-09-13T07:40:48,Resin_C,50,90,manual,0.148,52.0,1.348,3.69,0.9310136046510961,0.000266
BATCH_6,JOB_7464,CH_0424,2025-09-13T07:55:48,Resin_A,100,45,auto,-1.917,48.044,0.607,4.391,0.9258762877260884,0.006178
BATCH_43,JOB_1534,CH_0425,2025-09-13T08:10:48,Resin_A,20,60,auto,-0.069,20.614,0.789,4.264,0.9278154186971036,0.000852
BATCH_17,JOB_2861,CH_0426,2025-09-13T08:25:48,Resin_C,20,60,manual,-0.218,39.611,2.252,1.374,0.9913163781908401,2.5e-05
BATCH_13,JOB_4918,CH_0427,2025-09-13T08:40:48,Resin_A,20,90,auto,1.173,21.025,0.965,4.779,0.9301999594706454,0.000352
BATCH_16,JOB_2357,CH_0428,2025-09-13T08:55:48,Resin_A,100,0,manual,0.015,51.458,1.77,3.291,0.9452413017416617,8.4e-05
BATCH_18,JOB_4114,CH_0429,2025-09-13T09:10:48,Resin_B,100,90,auto,1.752,55.882,2.719,3.314,1.0162541299406669,1.6e-05
BATCH_10,JOB_5078,CH_0430,2025-09-13T09:25:48,Resin_B,100,30,auto,0.386,50.719,1.455,1.095,0.9338721329489352,0.000174
BATCH_50,JOB_8366,CH_0431,2025-09-13T09:40:48,Resin_B,20,45,manual,-1.227,33.565,1.681,2.202,0.9506660356643932,6.6e-05
BATCH_24,JOB_5704,CH_0432,2025-09-13T09:55:48,Resin_A,50,0,manual,0.901,28.02,0.718,1.41,0.9265326005686884,0.001548
BATCH_30,JOB_4001,CH_0433,2025-09-13T10:10:48,Resin_C,50,0,auto,1.249,27.142,0.779,3.067,0.9268144741989602,0.00127
BATCH_49,JOB_1156,CH_0434,2025-09-13T10:25:48,Resin_B,20,0,auto,-1.335,55.824,1.32,2.174,0.9318893929393114,0.000285
BATCH_26,JOB_1153,CH_0435,2025-09-13T10:40:48,Resin_C,100,45,auto,-0.744,34.96,1.041,4.427,0.9289691360336568,0.000508
BATCH_49,JOB_9857,CH_0436,2025-09-13T10:55:48,Resin_A,20,30,auto,-0.803,31.543,1.28,3.763,0.9347679037786563,0.000183
BATCH_16,JOB_1143,CH_0437,2025-09-13T11:10:48,Resin_B,20,60,manual,1.38,29.753,0.628,2.308,0.9261684600858667,0.002973
BATCH_20,JOB_6694,CH_0438,2025-09-13T11:25:48,Resin_B,100,0,auto,-1.549,39.822,1.712,0.621,0.9458708224007336,6.8e-05
BATCH_14,JOB_3941,CH_0439,2025-09-13T11:40:48,Resin_B,50,45,auto,1.222,24.983,2.905,2.91,1.2160491407440142,5e-06
BATCH_20,JOB_2299,CH_0440,2025-09-13T11:55:48,Resin_A,50,30,manual,-1.031,43.166,2.598,2.978,1.041145794762079,1.6e-05
BATCH_36,JOB_1277,CH_0441,2025-09-13T12:10:48,Resin_B,50,60,auto,-0.762,56.836,1.789,2.738,0.9427967131348236,8.3e-05
BATCH_3,JOB_1534,CH_0442,2025-09-13T12:25:48,Resin_B,100,60,manual,-1.647,48.84,2.619,1.318,1.026941582965337,1.8e-05
BATCH_42,JOB_1471,CH_0443,2025-09-13T12:40:48,Resin_A,100,90,auto,0.072,47.401,2.591,3.67,1.019026710990803,1.6e-05
BATCH_31,JOB_1882,CH_0444,2025-09-13T12:55:48,Resin_B,50,60,auto,0.129,51.082,0.753,4.064,0.9262601374537461,0.002533
BATCH_12,JOB_6200,CH_0445,2025-09-13T13:10:48,Resin_A,50,90,manual,0.847,54.918,1.957,1.058,0.952509635784485,5.8e-05
BATCH_20,JOB_6127,CH_0446,2025-09-13T13:25:48,Resin_B,20,60,auto,0.115,26.722,1.798,1.389,0.9700356273991854,4.3e-05
BATCH_7,JOB_6413,CH_0447,2025-09-13T13:40:48,Resin_A,20,30,auto,0.233,27.35,2.832,4.652,1.2000101836392814,7e-06
BATCH_6,JOB_4924,CH_0448,2025-09-13T13:55:48,Resin_C,50,0,auto,-1.748,26.23,2.182,2.018,1.0037654514445553,1.8e-05
BATCH_10,JOB_9301,CH_0449,2025-09-13T14:10:48,Resin_B,20,45,manual,1.001,32.841,2.614,1.014,1.080890468564414,1.2e-05
BATCH_33,JOB_7401,CH_0450,2025-09-13T14:25:48,Resin_B,100,30,auto,-0.3,29.144,2.298,2.964,1.0254560060376083,1.6e-05
BATCH_30,JOB_1308,CH_0451,2025-09-13T14:40:48,Resin_A,50,60,auto,0.31,38.545,1.331,1.92,0.9349225441443096,0.000215
BATCH_23,JOB_4381,CH_0452,2025-09-13T14:55:48,Resin_C,20,90,manual,-0.859,41.539,1.639,2.669,0.9419839197289938,8.6e-05
BATCH_19,JOB_6378,CH_0453,2025-09-13T15:10:48,Resin_A,50,90,auto,-1.312,37.366,0.911,0.787,0.9276239379403631,0.000871
BATCH_26,JOB_4159,CH_0454,2025-09-13T15:25:48,Resin_A,100,60,manual,-0.492,40.161,0.699,3.574,0.9262356364072999,0.002609
BATCH_41,JOB_6812,CH_0455,2025-09-13T15:40:48,Resin_A,50,60,manual,-1.358,36.867,0.98,3.737,0.9285374776085648,0.000636
BATCH_29,JOB_6972,CH_0456,2025-09-13T15:55:48,Resin_B,100,60,manual,-0.103,21.289,2.042,0.682,1.0030661581456872,1.9e-05
BATCH_42,JOB_9075,CH_0457,2025-09-13T16:10:48,Resin_A,100,90,auto,-1.186,48.453,1.564,3.044,0.9373580911863224,0.000118
BATCH_42,JOB_2388,CH_0458,2025-09-13T16:25:48,Resin_B,20,60,auto,1.318,16.685,2.838,3.881,1.324831796454543,4e-06
BATCH_43,JOB_7520,CH_0459,2025-09-13T16:40:48,Resin_A,50,60,auto,-1.139,41.373,2.809,4.989,1.0909269061469336,1e-05
BATCH_34,JOB_5196,CH_0460,2025-09-13T16:55:48,Resin_A,50,60,manual,1.674,12.35,1.347,2.323,0.952939458566945,5.9e-05
BATCH_41,JOB_8422,CH_0461,2025-09-13T17:10:48,Resin_C,50,45,manual,-1.125,26.311,2.39,2.272,1.0626738243805554,1.2e-05
BATCH_35,JOB_6289,CH_0462,2025-09-13T17:25:48,Resin_A,20,30,auto,-1.328,27.74,1.5,0.758,0.9467427071015155,9.1e-05
BATCH_31,JOB_6287,CH_0463,2025-09-13T17:40:48,Resin_A,50,60,manual,-0.357,35.232,0.518,3.613,0.925789766555379,0.008388
BATCH_36,JOB_1706,CH_0464,2025-09-13T17:55:48,Resin_B,50,0,manual,1.457,32.844,1.688,2.237,0.9465199156563067,6.7e-05
BATCH_31,JOB_8865,CH_0465,2025-09-13T18:10:48,Resin_A,20,30,auto,-1.725,37.486,1.543,4.45,0.9438245044758288,9.6e-05
BATCH_36,JOB_1867,CH_0466,2025-09-13T18:25:48,Resin_C,20,90,auto,-0.122,52.893,1.262,1.367,0.9305982802569682,0.000348
BATCH_42,JOB_1452,CH_0467,2025-09-13T18:40:48,Resin_C,100,0,auto,-0.669,56.996,1.358,4.947,0.9302927801295935,0.00026
BATCH_5,JOB_4129,CH_0468,2025-09-13T18:55:48,Resin_B,20,0,manual,-0.873,19.215,0.598,0.598,0.9262327166878777,0.002228
BATCH_29,JOB_4626,CH_0469,2025-09-13T19:10:48,Resin_B,20,45,auto,1.134,10.526,2.405,4.52,1.2513011042565858,5e-06
BATCH_38,JOB_1693,CH_0470,2025-09-13T19:25:48,Resin_C,20,30,auto,1.781,12.862,2.827,0.727,1.4882295758308064,3e-06
BATCH_42,JOB_5372,CH_0471,2025-09-13T19:40:48,Resin_A,20,30,auto,1.809,51.182,2.273,3.144,0.9817970452372209,3.2e-05
BATCH_13,JOB_6616,CH_0472,2025-09-13T19:55:48,Resin_A,20,60,auto,-1.652,25.161,2.916,4.751,1.2297798432856313,6e-06
BATCH_17,JOB_5378,CH_0473,2025-09-13T20:10:48,Resin_A,50,45,manual,-1.635,18.072,2.902,2.919,1.3834204715011729,4e-06
BATCH_38,JOB_4992,CH_0474,2025-09-13T20:25:48,Resin_B,100,30,auto,0.153,36.666,1.514,1.261,0.938138694799396,0.00012
BATCH_18,JOB_9720,CH_0475,2025-09-13T20:40:48,Resin_B,20,0,auto,-1.585,24.771,0.726,3.506,0.9267716440558604,0.001288
BATCH_1,JOB_3772,CH_0476,2025-09-13T20:55:48,Resin_C,20,60,auto,1.176,38.824,1.355,4.145,0.9344601489537558,0.000174
BATCH_27,JOB_6851,CH_0477,2025-09-13T21:10:48,Resin_B,100,45,auto,0.593,35.555,1.614,4.851,0.9466431542346018,8.5e-05
BATCH_35,JOB_5689,CH_0478,2025-09-13T21:25:48,Resin_B,100,60,auto,-0.168,29.724,2.668,1.598,1.0975273987826366,9e-06
BATCH_48,JOB_1403,CH_0479,2025-09-13T21:40:48,Resin_A,100,60,auto,1.556,18.032,0.933,1.7,0.9299382141401032,0.000405
BATCH_39,JOB_7606,CH_0480,2025-09-13T21:55:48,Resin_A,100,0,auto,1.794,45.558,0.517,3.937,0.9257147876140235,0.010359
BATCH_38,JOB_4250,CH_0481,2025-09-13T22:10:48,Resin_C,100,0,manual,0.429,14.429,2.192,0.788,1.0661082707506326,9e-06
BATCH_17,JOB_6495,CH_0482,2025-09-13T22:25:48,Resin_C,50,45,manual,0.709,15.951,0.672,2.676,0.926790515190909,0.001346
BATCH_24,JOB_4557,CH_0483,2025-09-13T22:40:48,Resin_A,20,60,auto,-0.355,45.202,1.044,2.15,0.9285931526951445,0.000556
BATCH_36,JOB_6360,CH_0484,2025-09-13T22:55:48,Resin_A,100,60,auto,-1.634,47.33,0.531,3.4,0.925751632560055,0.008689
BATCH_3,JOB_9418,CH_0485,2025-09-13T23:10:48,Resin_B,20,90,auto,-0.682,44.669,2.416,1.868,1.0122043971130692,2.1e-05
BATCH_10,JOB_4945,CH_0486,2025-09-13T23:25:48,Resin_A,50,90,auto,-0.957,35.914,2.306,1.284,1.0254843514572094,2.1e-05
BATCH_34,JOB_7065,CH_0487,2025-09-13T23:40:48,Resin_A,100,45,auto,-0.814,56.482,0.812,3.436,0.9265429448476398,0.001995
BATCH_15,JOB_4932,CH_0488,2025-09-13T23:55:48,Resin_B,50,90,auto,0.484,25.09,2.749,3.328,1.1268958315880748,7e-06
BATCH_31,JOB_5777,CH_0489,2025-09-14T00:10:48,Resin_B,20,30,auto,-1.862,41.948,0.704,2.458,0.926191007061124,0.002779
BATCH_24,JOB_4933,CH_0490,2025-09-14T00:25:48,Resin_B,50,90,auto,-1.573,42.478,2.67,4.227,1.0463261422477443,1.2e-05
BATCH_32,JOB_7297,CH_0491,2025-09-14T00:40:48,Resin_A,100,30,manual,-1.466,29.335,2.553,4.863,1.103560208685751,1.2e-05
BATCH_38,JOB_6322,CH_0492,2025-09-14T00:55:48,Resin_C,50,45,auto,-0.144,49.455,2.007,3.444,0.959487797088164,5.1e-05
BATCH_31,JOB_4483,CH_0493,2025-09-14T01:10:48,Resin_C,100,30,auto,1.287,42.315,2.118,1.078,0.9664878039056478,3.3e-05
BATCH_12,JOB_1501,CH_0494,2025-09-14T01:25:48,Resin_C,20,30,auto,-0.292,33.451,2.821,3.385,1.113861283988568,9e-06
BATCH_44,JOB_5366,CH_0495,2025-09-14T01:40:48,Resin_A,20,45,auto,-0.579,44.126,2.156,3.719,0.9861957688022454,3.3e-05
BATCH_38,JOB_6336,CH_0496,2025-09-14T01:55:48,Resin_C,100,90,auto,-0.163,13.848,2.177,4.196,1.0699088435593318,1.1e-05
BATCH_46,JOB_1604,CH_0497,2025-09-14T02:10:48,Resin_A,20,90,auto,0.524,11.249,2.302,2.813,1.1955806048802384,7e-06
BATCH_38,JOB_5468,CH_0498,2025-09-14T02:25:48,Resin_B,20,90,auto,0.351,52.017,0.544,0.721,0.9257370749574445,0.009174
BATCH_23,JOB_7697,CH_0499,2025-09-14T02:40:48,Resin_A,100,45,auto,-1.894,46.761,2.064,3.113,0.9689155665475162,3.8e-05
BATCH_3,JOB_9828,CH_0500,2025-09-14T02:55:48,Resin_A,20,0,manual,1.851,41.417,0.96,0.975,0.9276439295917579,0.000752
