batch_id,channel,layer_thickness_um,ambient_temp,resin_temp,resin_age,channel_length_um,channel_width_um,channel_height_um,delta_length_um,delta_width_um,delta_height_um,dim_error,flow_rate
1,1,100,83,66,9,40000,500,500,13.207,10.4,12.317,144.76444600001886,0.126
1,2,100,83,66,9,40000,500,500,8.151,8.27,9.676,76.15222566665574,0.129
1,3,100,83,66,9,40000,500,500,11.131,14.0,18.73,223.57068700000931,0.126
1,4,100,83,66,9,40000,500,500,9.917,6.606,12.4,98.58204166667491,0.128
2,1,100,82,66,27,40000,500,500,6.286,13.153,10.428,107.08612966666708,0.12596748
2,2,100,82,66,27,40000,500,500,13.065,5.615,9.939,100.3353903333538,0.13020936
2,3,100,82,66,27,40000,500,500,9.568,8.723,8.371,79.23699799999552,0.12938496
2,4,100,82,66,27,40000,500,500,9.631,10.565,9.438,97.81707666667442,0.12784386
3,1,100,82,66,49,40000,500,500,5.084,9.452,12.937,94.18444300000878,0.12658152
3,2,100,82,66,49,40000,500,500,9.148,12.898,10.324,118.87642800000668,0.12615816
3,3,100,82,66,49,40000,500,500,12.935,4.335,13.169,119.84300366664638,0.12913842
3,4,100,82,66,49,40000,500,500,2.367,6.908,7.251,35.300051333330714,0.13099806
4,1,50,83,66,23,40000,500,500,5.749,11.491,14.777,127.81793700001292,0.12456492
4,2,50,83,66,23,40000,500,500,7.066,12.04,13.483,125.56041499999499,0.12495822
4,3,50,83,66,23,40000,500,500,10.728,7.922,15.003,134.3126923333533,0.12629178
4,4,50,83,66,23,40000,500,500,13.323,9.16,13.218,145.37448433330417,0.1266009
5,1,50,83,66,30,40000,500,500,12.305,12.427,9.328,130.9516460000024,0.12693018
5,2,50,83,66,30,40000,500,500,9.432,6.49,9.482,73.66368266667091,0.13002414
5,3,50,83,66,30,40000,500,500,8.515,5.722,8.686,60.231034999996496,0.13080906
5,4,50,83,66,30,40000,500,500,11.566,13.109,6.469,115.82206599999127,0.12806058
6,1,100,82,66,33,40000,500,500,9.692,12.109,7.335,98.12165666668407,0.12812976
6,2,100,82,66,33,40000,500,500,7.431,12.361,3.173,72.69400366665101,0.13016682
6,3,100,82,66,33,40000,500,500,8.512,11.541,9.477,98.48745133334701,0.12731202
6,4,100,82,66,33,40000,500,500,9.229,11.256,8.586,95.19712433332926,0.12792354
7,1,50,83,66,47,40000,500,500,5.938,4.191,8.627,42.41648466667426,0.13166406
7,2,50,83,66,47,40000,500,500,12.302,5.436,7.153,77.35156966669389,0.13180686
7,3,50,83,66,47,40000,500,500,12.796,10.923,8.107,116.25766466668442,0.12836766
7,4,50,83,66,47,40000,500,500,6.695,5.812,11.151,67.64905666666549,0.12943794
8,1,100,72,75,44,40000,500,500,7.392,11.299,10.847,99.9888246666655,0.1267236
8,2,100,72,75,44,40000,500,500,15.366,8.261,7.718,121.30853366668538,0.13004208
8,3,100,72,75,44,40000,500,500,14.781,7.785,11.919,140.38224900002638,0.12805278
8,4,100,72,75,44,40000,500,500,7.696,13.336,12.409,130.35353100001825,0.12484584
9,1,50,68,75,44,40000,500,500,6.272,13.308,10.097,106.1300856666548,0.12605718
9,2,50,68,75,44,40000,500,500,3.453,17.565,10.438,143.13475933333632,0.12366162
9,3,50,68,75,44,40000,500,500,7.528,3.331,10.544,59.647426999992035,0.13108464
9,4,50,68,75,44,40000,500,500,8.691,7.163,13.453,102.60841966666008,0.12750216
10,1,50,96,75,44,40000,500,500,13.545,8.068,8.994,109.81722833331764,0.12942456
10,2,50,96,75,44,40000,500,500,14.431,3.749,14.27,141.98055399996966,0.12884796
10,3,50,96,75,44,40000,500,500,9.262,7.978,12.119,98.76776300001536,0.12779064
10,4,50,96,75,44,40000,500,500,9.905,9.145,9.149,88.48141699999219,0.1287522
11,1,100,62,75,44,40000,500,500,9.031,14.178,13.6,155.84488166668297,0.124
11,2,100,62,75,44,40000,500,500,8.571,12.261,11.4,117.91805400002032,0.126
11,3,100,62,75,44,40000,500,500,10.441,5.248,10.1,79.52199499999243,0.13
11,4,100,62,75,44,40000,500,500,9.338,9.688,12.4,111.60519600002074,0.127
12,1,50,78,75,44,40000,500,500,6.366,10.471,14.3,118.21926566667446,0.125
12,2,50,78,75,44,40000,500,500,9.632,6.967,3.45,51.072337666652366,0.133
12,3,50,78,75,44,40000,500,500,12.006,9.031,10.4,111.28766566667633,0.128
12,4,50,78,75,44,40000,500,500,8.799,8.91,16.6,144.12350033332828,0.125
13,1,100,91,75,44,40000,500,500,3.697,8.781,11.35,73.19875666666717,0.127
13,2,100,91,75,44,40000,500,500,12.498,3.935,11.1,98.29807633333012,0.13
13,3,100,91,75,44,40000,500,500,6.597,9.635,6.85,61.09204466667362,0.13
13,4,100,91,75,44,40000,500,500,8.374,7.998,12.0,92.69729333335245,0.128
14,1,100,80,75,44,40000,500,500,11.205,9.889,12.8,129.06144866667987,0.126
14,2,100,80,75,44,40000,500,500,8.852,7.756,10.4,82.2244799999935,0.129
14,3,100,80,75,44,40000,500,500,7.805,10.424,9.53,86.7995670000012,0.128
14,4,100,80,75,44,40000,500,500,8.704,5.546,10.7,73.66924399998773,0.13
15,1,50,79,67,31,40000,500,500,5.253,11.505,9.4,82.77301133332254,0.127
15,2,50,79,67,31,40000,500,500,13.302,15.285,10.1,170.86147633336316,0.125
15,3,50,79,67,31,40000,500,500,7.667,9.267,9.58,78.81219266667308,0.128
15,4,50,79,67,31,40000,500,500,9.161,9.806,11.5,104.11051900000025,0.127
16,1,50,79,83,31,40000,500,500,7.055,6.735,7.115,48.58549166666814,0.1311108
16,2,50,79,83,31,40000,500,500,6.146,9.569,4.612,50.203207000002806,0.1309242
16,3,50,79,83,31,40000,500,500,6.612,11.107,10.715,93.96507266667065,0.12688998
16,4,50,79,83,31,40000,500,500,8.476,10.107,10.01,91.39804166667989,0.12779016
17,1,100,79,60,31,40000,500,500,10.087,15.253,11.255,153.6922009999967,0.1244514
17,2,100,79,60,31,40000,500,500,8.723,7.312,8.999,70.17935799998936,0.12979494
17,3,100,79,60,31,40000,500,500,6.841,5.621,11.034,66.71469266666811,0.1296045
17,4,100,79,60,31,40000,500,500,11.813,7.265,5.838,75.46981266668182,0.13153278
18,1,50,79,61,31,40000,500,500,6.184,5.189,7.011,38.107232666671415,0.13199268
18,2,50,79,61,31,40000,500,500,11.071,5.832,4.855,60.0500966666929,0.12743046
18,3,50,79,61,31,40000,500,500,11.714,11.566,6.043,102.50266699999936,0.12911016
18,4,50,79,61,31,40000,500,500,10.048,10.799,10.875,111.94877666668327,0.12696744
19,1,50,79,86,31,40000,500,500,9.011,11.874,12.672,127.58986033332535,0.12547038
19,2,50,79,86,31,40000,500,500,9.678,13.962,12.913,151.78223233333256,0.12426636
19,3,50,79,86,31,40000,500,500,9.253,13.921,6.858,108.81480466664794,0.12741018
19,4,50,79,86,31,40000,500,500,14.582,14.039,9.29,165.34411500002093,0.12610128
20,1,100,79,90,31,40000,500,500,4.982,11.646,11.294,96.00135866667864,0.12630252
20,2,100,79,90,31,40000,500,500,7.649,9.239,14.761,120.58448099998793,0.1257366
20,3,100,79,90,31,40000,500,500,8.342,8.303,8.539,70.48109799998277,0.12953154
20,4,100,79,90,31,40000,500,500,12.749,12.356,3.563,109.30090200002911,0.12998184
